#漢字	音標	解釋
多	tɔ213	多：～少
拖	tʰɔ213	拖：～拉机
他	tʰa213	他：其～
駝	tʰɔ21	驼：骆～
舵	tʰɔ21	舵：～手
大	tʰai45	大：～夫，～黄
挪	nɔ21	挪：～用公款
哪	na51	哪：～里
哪	na213	哪：～吒
那	na51	那：～里；姓
羅	lɔ21	罗：姓
鑼	lɔ21	锣：～鼓
籮	lɔ21	箩：～筐
左	ʦɔ51	左：～右
佐	ʦɔ51	佐：辅～
歌	kɔ213	歌：唱～，～声
哥	kɔ213	哥：大～，学生～
個	kɔ51	个：两～，～别
個	kei21	个：我～（我的）
可	kʰɔ51	可：～能，许～证
蛾	ŋɔ21	蛾：飞～扑火
鵝	ŋɔ21	鹅：天～
俄	ŋɔ21	俄：～罗斯
我	ŋɔ213	我：自～[文]
我	ŋai21	我：涯，第一人称[白]
餓	ŋɔ45	饿：饥～
荷	hɔ21	荷：～花；薄～
荷	kʰai213	荷：挑，～担，～东西[白]
河	hɔ21	河：黄～
何	hɔ21	何：姓；如～
賀	hɔ45	贺：祝～，～礼
阿	ɔ213	阿：～胶；～弥陀佛
阿	a213	阿：～爸
茄	kʰiɔ21	茄：茄子；番～
茄	ka213	茄：雪～
波	pɔ213	波：风～，～浪
菠	pɔ213	菠：～菜
跛	pai213	跛：～脚（跛足）[训]
簸	pun45	簸：～箕甲（蛇），～谷
簸	pɔ213	簸：颠～
頗	pʰɔ213	颇：～有心得，偏～
坡	pɔ213	坡：山～，～度
玻	pɔ213	玻：～璃
破	pʰɔ45	破：～坏
婆	pʰɔ21	婆：老～
薄	pʰɔk045	薄：～荷
魔	mɔ21	魔：～术，～鬼
磨	mɔ21	磨：～刀，水～[动]
磨	mɔ21	磨：～豆浆[动]
摩	mɔ21	摩：～擦，按～
磨	mɔ45	磨：石～[名]
朶	tɔ51	朵：一～花，花～
躱	tɔ51	躲：～避，～开
刴	ʦen213	剁：～猪肉，～肉丸[训]
妥	tʰɔ213	妥：～当
橢	tʰɔ213	椭：～圆
唾	tʰɔ45	唾：～弃，～液
惰	tʰɔ45	惰：～性
糯	nɔ45	糯：～米
騾	lɔ21	骡
螺	lɔ21	螺：田～
腡	lɔ21	脶：手指纹
囉	lɔ21	啰：喽～，～嗦
裸	lɔ45	裸：～体
銼	ʦʰɔ45	锉：～刀
坐	ʦʰɔ213	坐：～车，～稳
座	ʦʰɔ213	座：～位，上～
簑	sɔ51	蓑：棕～，～衣
梭	sɔ213	梭：穿～，～子蟹
唆	sɔ213	唆：～使
鎖	sɔ51	锁：～匙
瑣	sɔ51	琐：～碎，烦～
戈	kʰɔ213	戈：干～，～壁
果	kɔ51	果：水～
裹	kɔ51	裹：包～
過	kɔ213	过：～去，～头
科	kʰɔ213	科：～学，文～
棵	kʰɔ213	棵：一～树
顆	kʰɔ45	颗：一～珍珠，～粒
課	kʰɔ45	课：上～
臥	ŋɔ45	卧：～室，～铺
火	fɔ51	火：着～，～车
夥	fɔ51	伙：合～，～计
貨	fɔ45	货：～车，百～
和	fɔ21	和：～平，～气[文]
和	vɔ21	和：～尚[白]
禾	vɔ21	禾：割～，～苗
禍	fɔ45	祸：大～临头，～害
和	fɔ21	和：唱～，～诗
倭	vɔ213	倭：～寇
窩	vɔ213	窝：～囊废，～藏
瘸	pai213	瘸：不灵活，～手，～脚
靴	siɔ213	靴：皮～
巴	pa213	巴：～掌，～结，～黎
芭	pa213	芭：～蕉，～蕾
疤	pa213	疤：伤～
把	pa51	把：～握，～脉
霸	pa45	霸：恶～，～王
壩	pa45	坝：堤，溪～
吧	pa213	吧：酒～
垻	pa45	坝：平地，湖洋～
爸	pa213	爸：爸爸
怕	pʰa45	怕：害怕，惊～
帕	pʰa45	帕：手～
爬	pʰa21	爬：～树
琶	pa21	琶：琵～
杷	pa21	杷：枇～
耙	pʰa21	耙：犁耙
麻	ma21	麻：天～，～烦
痲	ma21	痲：出～（得痳疹），～风
蟆	ma21	蟆：蛤～（蟾蜍）
媽	ma213	妈：妈妈
媽	ma213	妈：～祖
馬	ma213	马：骑～，～虎
碼	ma213	码：～头，大～
罵	ma45	骂：～人
拿	na213	拿：～手，推～
茶	ʦʰa21	茶：～叶
楂	ʦa213	楂：山～
渣	ʦa213	渣：药～
詐	ʦa45	诈：～骗
榨	ʦa45	榨：～菜，～油
炸	ʦa45	炸：～药
叉	ʦʰa213	叉：刀～，～腰
杈	ʦʰa213	杈：桠～，树～
差	ʦʰa213	差：～别
岔	ʦʰa45	岔：～路，三～路口
査	ʦʰa21	查：调～
沙	sa213	沙：泥～，～漠
紗	sa213	纱：～布
灑	sa51	洒：～水
廈	ha45	厦：偏廈（厢房）
痧	sa213	痧：发～，刮～
家	ka213	家：老～，～庭
砂	sa213	砂：朱～，～纸
加	ka213	加：～工
痂	lat045	痂：结～
嘉	ka213	嘉：～宾
假	ka51	假：真～，～设
賈	ka45	贾：姓，～宝玉
假	ka51	假：放～，～期
架	ka45	架：书～
駕	ka45	驾：～驶证
嫁	ka45	嫁：～人
稼	ka45	稼：庄～，邓～先
價	ka45	价：～钱，～值
揢	kʰak045	揢：用虎口掐
牙	ŋa21	牙：～齿，刷～
芽	ŋa21	芽：豆～
衙	ŋa21	衙：～门
雅	ŋa21	雅：文～；～典（国名）
砑	ŋan21	砑：碾，～平，～碎
蝦	ha21	虾：鱼～，～公
嚇	hak031	吓：～人
霞	ha21	霞：晚～
瑕	ha21	瑕：～疵
蝦	ha21	虾：～蟆（蟾蜍）
下	ha213	下：～背，底～
下	ha213	下：取下，～下来
夏	ha45	夏：姓
廈	ha45	厦：～门，大～
下	ha45	下：～降，～流
夏	ha45	夏：春～秋冬
鴉	ŋa21	鸦：老～，乌～，～片
丫	jia21	丫：～鬟，～头
椏	ʦʰaŋ45	桠：～杈
啞	a51	哑：哑巴，～佬
亞	a213	亚：～洲，～军
姐	ʦia51	姐：小～[文]
姐	ʦi51	姐：姐姐[白]
借	ʦia45	借：～钱
且	ʦʰia51	且：而～，况～
笡	ŋau21	笡：斜，～～（歪斜的样子）
藉	sit045	藉：～故，～口
些	sia213	些：一～
寫	sia51	写：～字
瀉	ɔ213	泻：腹～，一～千里
卸	sia45	卸：～货，推～
邪	sia21	邪：～气，～门歪道
斜	sia21	斜：倾～[文]
斜	sia21	斜：不正[白]
謝	ʦʰia45	谢：多～；姓
爹	tia213	爹：～娘
遮	ʦa213	遮：遮挡[动]；伞[名]
者	ʦa51	者：记～，作～
蔗	ʦa45	蔗：甘蔗
車	ʦʰa213	车：火～
扯	ʦʰa51	扯：～开，～烂
蛇	sa21	蛇：毒～
射	sa45	射：发～，～箭
麝	sa45	麝：～香
奢	ʦʰa213	奢：～侈
賒	ʦʰa213	赊：～帐
捨	sa51	舍：～唔得（舍不得）
赦	sa45	赦：～免
舍	sa45	舍：宿～
社	sa213	社：～会，公～
惹	ȵia213	惹：～事
耶	jiai21	耶：～稣
爺	jia21	爷：父亲；爷爷[文]
也	jia21	也：～知
野	jia213	野：～人
夜	jia45	夜：日～，～班
傻	sɔ21	傻：～瓜，～子
瓜	kua213	瓜：西～，～分
蝸	vɔ213	蜗：～牛
寡	kua51	寡：～妇，守～
剮	kua51	剐：千刀万～
誇	kʰua213	夸：～大，～张
垮	kʰua213	垮：～台
跨	kʰua213	跨：～栏，～度
娃	wa21	娃：洋～～
瓦	ŋa51	瓦：～片
花	fa213	花：开～
化	fa45	化：变～
華	fa21	华：中～
劃	vak045	划：～船
華	fa21	华：～山；姓
蛙	wa213	蛙：青～，～泳
補	pu51	补：～鞋，～充
譜	pʰu21	谱：族～，歌～
布	pu45	布：红～，～料
佈	pu45	布：公～，～置
鋪	pʰu213	铺：～路，床～
普	pʰu213	普：～通，～遍
浦	pʰu213	浦：黄～江
鋪	pʰu213	铺：店～，当～
怖	pu45	怖：恐～
蒲	pʰu213	蒲：（石）菖～
菩	pʰu21	菩：～萨
脯	pʰu21	脯：胸～
部	pʰu45	部：～队，干～
簿	pʰu21	簿：练习～，帐～
步	pʰu45	步：跑～
捕	pʰu51	捕：逮～，～快
埠	fu451	埠：庵～，蚌～（地名）
模	mu21	模：～型，～范
摹	mu21	摹：～仿，描～
暮	mu451	暮：日暮
慕	mu451	慕：羡～，～名而来
墓	mu45	墓：坟～，～地
募	mu45	募：～捐
都	tu213	都：首～，～市
都	tu213	都：都是
堵	tu51	堵：～车，～塞
賭	tu51	赌：～博
肚	tu51	肚：猪～，鱼～
妬	tu45	妒：～忌
土	tʰu51	土：～地
吐	tʰu45	吐：～痰；呕～
兔	tʰu45	兔：野～
徒	tʰu21	徒：～弟
屠	tʰu21	屠：～杀
途	tʰu21	途：前～
塗	tʰu21	涂：糊～，～改
圖	tʰu21	图：画～，地～
杜	tʰu45	杜：姓；杜仲（中药）
肚	tu51	肚：肚子
度	tʰu45	度：～数，长～
渡	tʰu45	渡：偷～，摆～
鍍	tʰu45	镀：电～
奴	nu21	奴：～隶
努	nu51	努：～力
怒	nu45	怒：愤～，～气
盧	lu21	卢：姓
爐	lu21	炉：火～
蘆	lu21	芦：～苇
鸕	lu21	鸬：～鹚（扁嘴善捕鱼的水鸟）
魯	lu21	鲁：～国，～迅
虜	luŋ51	虏：俘～
滷	lu21	卤：盐～，～水
路	lu45	路：大～
賂	lu45	赂：贿～
露	lu45	露：～水，白～，打～
鷺	lu45	鹭：白～
租	ʦu213	租：～金，出～
祖	ʦu51	祖：～宗，～国
組	ʦu213	组：～织，小～
做	ʦɔ45	做：～好事
粗	ʦʰu213	粗：～心
醋	ʦʰu45	醋：陈～
措	ʦʰɔk031	措：～施
錯	ʦʰɔ45	错：～误
蘇	su213	苏：～州；姓
酥	su213	酥：脆，杏仁～
素	su45	素：～菜，朴～
訴	su45	诉：上～，倾～
塑	sɔk031	塑：雕～，～料
姑	ku213	姑：大～
孤	ku213	孤：～儿，～单
箍	ʦap031	箍：紧～咒[文]
箍	vi21	箍：围束，～桶[白]
古	ku51	古：～代
估	kʰu213	估：～计
牯	ku51	牯：牛～
股	ku51	股：～票
鼓	ku51	鼓：锣～，～励
故	ku45	故：～事，～乡
固	ku45	固：～定
錮	ku45	锢：禁～
雇	ku45	雇：～人，～主
顧	ku45	顾：照～
枯	kʰu213	枯：干～，～水
苦	kʰu51	苦：辛～，食～（吃苦）
苦	kʰu51	苦：～味
庫	kʰu45	库：水～，仓～
褲	kʰu45	裤：裤子
吳	m̩21	吴：姓
蜈	m̩21	蜈：～蚣
梧	m̩21	梧：～桐
五	m̩51	五：数字
伍	m̩51	伍：姓；队～
午	m̩51	午：中～，端～
誤	ŋu45	误：～会，错～
悟	ŋu45	悟：觉～；孙～空
呼	fu213	呼：称～，～吸，招～
虎	fu51	虎：老～
虎	fu51	虎：马～
滸	fu51	浒：水～
戽	fu45	戽：～水（泼水），～斗
胡	fu21	胡：二～ ；姓
湖	fu21	湖：西～
狐	fu21	狐：～狸
壺	fu21	壶：水～
乎	fu21	乎：在～
瓠	pʰu21	瓠：瓠卢，同葫芦
鬍	fu21	胡：～须
蝴	fu21	蝴：～蝶
糊	fu21	糊：浆～，～涂
戶	fu45	户：～口
滬	fu45	沪：上海简称
互	fu21	互：～相
護	fu45	护：保～，～士
瓠	pʰu21	瓠：瓠瓜（味似葫芦而长）
烏	vu213	乌：黑
污	vu213	污：～染
塢	vu213	坞：船～
惡	ɔk031	恶：可～
女	m̩51	女：女人
廬	lu21	庐：～山
驢	lu21	驴：毛驴
呂	li213	吕：姓
旅	li51	旅：～游
慮	li45	虑：考～
濾	li45	滤：过～
蛆	ʦu45	蛆：蛆虫，生～
絮	si45	絮：棉～
徐	ʦʰi21	徐：姓
序	si45	序：顺～
敍	si45	叙：倒～
緖	si45	緖：情～；光～
豬	ʦu213	猪：～肉
著	ʦu45	著：～名，显～
除	ʦʰu21	除：～法
儲	su21	储：～蓄
苧	ʦʰu21	苎：～麻
阻	ʦu51	阻：～止，～力
初	ʦʰu213	初：当～，～中
楚	ʦʰu51	楚：清～
礎	ʦʰu51	础：基～
鋤	ʦʰu21	锄：～草，～禾日当午
助	ʦʰu45	助：帮～
梳	sɿ213	梳：梳子[名]；梳头[动]
疏	su213	疏：～远；稀疏
疏	su213	疏：生～
蔬	su213	蔬：～菜
所	sɔ51	所：～以；派出～
疏	su213	疏：注～
諸	ʦu213	诸：姓；～如此类
煮	ʦu51	煮：～饭
處	ʦʰu51	处：～理
處	ʦʰu51	处：～所
書	su213	书：读～
舒	su213	舒：～服
暑	su51	暑：～假
鼠	ʦʰu51	鼠：老～
庶	ʦa45	庶：～民
恕	su45	恕：宽～
署	su21	署：～名
薯	su21	薯：番～
如	lu21	如：～果，假～
居	ki213	居：～民
車	kei213	车：象棋，～马炮
舉	ki51	举：～报，～重
據	ki51	据：收～
鋸	ki45	锯：电～
墟	si213	墟：～日
去	si451	去：来～，过～
渠	kʰi213	渠：水～，～道
佢	ki21	佢：他，第三人称
巨	kʰi213	巨：～大
拒	kʰi213	拒：～绝
距	ki213	距：～离
魚	m̩21	鱼：金～
漁	m̩21	渔：～业，～夫
語	ȵi213	语：～文
御	i45	御：～用文人
禦	ji451	御：防～
虛	si213	虚：～心
噓	si213	嘘：吹～
許	si51	许：允～；姓
於	ji213	于：在～
淤	ji213	淤：～泥
余	ji21	余：姓
餘	ji21	余：多～
與	ji213	与：参～，给～，～众不同
予	i213	予：给～
譽	ji45	誉：荣～
預	ji45	预：～报，～备
豫	ji45	豫：犹～
夫	fu213	夫：～妻，车～
膚	fu213	肤：皮～
府	fu51	府：政～
腑	fu51	腑：五脏六～
俯	fu51	俯：～卧撑，～视
甫	pʰu51	甫：杜～
脯	pʰu51	脯：菜～（萝卜干）
斧	pu51	斧：～头
付	fu45	付：应～
咐	fu45	咐：吩～
賦	fu45	赋：天～
傅	fu45	傅：师～[文]
傅	fu45	傅：姓[白]
敷	fu21	敷：～衍，～药
俘	fu213	俘：～虏
孵	pʰu45	孵：孵小鸡
麩	fu213	麸：麦～
撫	vu51	抚：～养，安～
赴	fu45	赴：奔～，～汤蹈火
訃	puk031	讣：～告
符	pʰu21	符：～合，鬼画～
扶	fu21	扶：～贫，～手[文]
扶	pʰu21	扶：搀扶，～起来[白]
芙	fu21	芙：～蓉
父	fu45	父：～亲
釜	vu45	釜：破～沉舟
腐	fu51	腐：～败
腐	fu45	腐：豆～
輔	pʰu51	辅：～导，～助
附	fu45	附：～近，～带
無	mɔ21	无：没有，～中生有[文]
無	mɔ21	无：没有，～事[白]
巫	mu21	巫：姓；～婆
誣	mu213	诬：～陷，～告
武	vu213	武：～器，～术
舞	vu51	舞：跳～
舞	vu51	舞：拨弄，摆弄[白，动]
侮	vu213	侮：～辱
鵡	vu213	鹉：鹦～
務	vu45	务：任～，～农
霧	vu45	雾：大～
縷	lei51	缕：千丝万～
屢	lui213	屡：～次，～教不改
趨	ʦʰi213	趋：～势
取	ʦʰi51	取：～钱
娶	ʦʰi51	娶：嫁～
趣	ʦʰi45	趣：兴～
聚	ʦʰi45	聚：～会
聚	ʦʰiu213	聚：捡～（收拢）[白]
須	si213	须：必～
鬚	si213	须：胡～
需	si213	需：～要
續	siuk045	续：连～，继～
誅	ʦu213	诛：天～地灭
蛛	ʦu213	蛛：蜘～
株	ʦu213	株：守～待兔
駐	ʦu45	驻：～扎
註	ʦu45	注：～释
廚	ʦʰu21	厨：～房
櫥	ʦʰu21	橱：碗～
柱	ʦʰu213	柱：柱子
住	ʦʰu45	住：～宿
雛	ʦʰu213	雏：～形
數	su45	数：～落，～星星[动]
數	su45	数：～字，～学
朱	ʦu213	朱：姓
珠	ʦu213	珠：珍～
主	ʦu51	主：～人，地～
注	ʦu45	注：～意
蛀	ʦu45	蛀：～虫
鑄	ʦu45	铸：～铁，～钢
樞	kʰi213	枢：中～，～纽
輸	su213	输：～赢
戍	su451	戍：～边
輸	su213	输：运～
殊	su21	殊：特～
豎	su45	竖：横～
樹	su451	树：～立，种～
儒	ji21	儒：～家思想
乳	nen45	乳：哺～，母～[文]
乳	nen45	乳：食～（吃奶），麦～精[训]
拘	ki213	拘：～留
倶	kʰi51	俱：～备，～乐部
矩	ki51	矩：规～，～形
句	ki45	句：～号
區	kʰi213	区：地～，～别
驅	kʰi213	驱：先～，～动
具	kʰi51	具：～体
懼	kʰi51	惧：恐～
愚	ȵi21	愚：～蠢，～公移山
虞	ji21	虞：姓，～姬
娛	ŋu21	娱：～乐
遇	ȵi45	遇：遭～，相～，～到
寓	ȵi45	寓：～言；公～
于	ji21	于：姓；等～
吁	ji213	吁：气喘～～，长～短叹
雨	ji451	雨：落～，谷～，～水
宇	ji213	宇：～宙
禹	ji21	禹：大～治水
羽	ji21	羽：～毛球
芋	vu451	芋：芋头
逾	ji451	逾：超过，～期
愉	ji451	愉：～快
愈	ji451	愈：病～
喩	ji451	喻：比～
裕	ji451	裕：富～
獃	tai213	呆：书～子，发～[文]
獃	tai213	呆：发～[白]
戴	tai45	戴：姓；～帽
胎	tʰɔi213	胎：双胞～，～盘
台	tʰɔi21	台：天台
態	tʰai45	态：～度，心～
貸	tʰɔi45	贷：～款
臺	tʰɔi21	台：～湾
苔	tʰɔi21	苔：青～，舌～
抬	tʰɔi21	抬：两个人抬
待	tʰai45	待：等～，～人接物
怠	tʰai45	怠：～慢，～工
代	tʰɔi45	代：～替，～表
逮	pʰi45	逮：～捕
袋	tʰɔi45	袋：袋子
乃	nai213	乃：安～近；人名用字
耐	nai45	耐：～力，～心，忍～
來	lɔi21	来：过～，～去
災	ʦai213	灾：水～
栽	ʦai213	栽：种，～培
宰	ʦai51	宰：～相
載	ʦai213	载：一年半～
再	ʦai45	再：～来
載	ʦai45	载：～重
猜	ʦʰai21	猜：～谜
彩	ʦʰai51	彩：～色
採	ʦʰai51	采：～集
睬	ʦʰai51	睬：理睬
菜	ʦʰɔi45	菜：煮～，青～
才	ʦʰɔi21	才：人～，～气，秀～
材	ʦʰɔi21	材，药～，～料
財	ʦʰɔi21	财，发～
裁	ʦʰai21	裁，～纸，剪～
纔	ʦʰɔi21	才：刚～
在	ʦʰai45	在：实～，现～[文]
在	ʦʰɔi213	在：存在，还～[白]
載	ʦai45	载：满～而归
腮	sɔi213	腮：～腺炎，～红
鰓	sɔi213	鳃：鱼鳃
賽	sɔi45	赛：比～
該	kɔi213	该：应～
改	kɔi51	改：修～，～正
概	kʰɔi51	概：大～，～括
溉	kʰɔi51	溉：灌～
開	kʰɔi213	开：公～，～门
凱	kʰɔi51	凯：～旋
慨	kʰɔi51	慨：慷～，感～
咳	kʰet031	咳：～嗽，止～糖浆
呆	ŋɔi21	呆：～板
礙	ŋɔi45	碍：妨～
海	hɔi51	海：大～
孩	hai21	孩：～童
亥	hɔt045	亥：辛～革命
哀	ɔi213	哀：悲～
埃	ai213	埃：尘～，～及
愛	ɔi45	爱：～情；要
貝	pi45	贝：宝～
貝	pi45	贝：川～，～壳
沛	fi45	沛：充～
帶	tai45	带：鞋～
太	tʰai45	太：老～婆
泰	tʰai45	泰：～山
大	tʰai45	大：大小
奈	nai45	奈：无～，～何
賴	lai45	赖：依～，无～；姓
癩	lai45	癞：～蛤蟆[文]
癩	lai45	癞：～哥（癞疮）[白]
蔡	ʦʰai45	蔡：姓
蓋	kɔi45	盖：～被[动]；盖子[名]
丐	kɔi45	丐：～帮
艾	ai45	艾：姓；～滋病
艾	ŋei45	艾：艾草
害	hɔi45	害：～人
藹	ai45	蔼：和～，宋～龄
拜	pai45	拜：结～，礼～，～佛
排	pʰai21	排：～队
埋	mai21	埋：～伏
齋	ʦai213	斋：食～（吃斋）
豺	sai21	豺：～狼
皆	kiai213	皆：～大欢喜
階	kiai213	阶：台～，～级
介	kiai45	介：～绍，中～
界	kiai45	界：世～
芥	kiai45	芥：～菜
尬	kiai45	尬：尴～
疥	kiai45	疥：～疮
屆	kiai45	届：第一～
戒	kiai45	戒：～烟，猪八～
楷	kʰɔi51	楷：～书，～模
諧	hai213	谐：和～
駭	het045	骇：惊～，～人听闻
械	hai45	械：机～
挨	ai213	挨：～打，～近
擺	pai51	摆：摇～
派	pʰai51	派：正～，～出所
牌	pʰai21	牌：～坊，～匾[文]
牌	pʰai21	牌：打～[白，训]
㵺	pʰai21	排：竹排
罷	pʰa45	罢：～工
稗	kʰuai45	稗：～草
買	mai213	买：～卖
賣	mai45	卖：买～
奶	nai213	奶：二～，～牛
債	ʦai45	债：欠～
釵	ʦʰa213	钗：宝～
差	ʦʰai213	差：出～
柴	ʦʰai21	柴：姓；火～
篩	ʦʰi213	筛：～选，～米
灑	sa51	洒：潇～，～水
佳	ka213	佳：～人，～节
街	kiai213	街：～路
解	kiai51	解：～释，讲～[文]
解	kiai51	解：～开[白]
懈	hai45	懈：松～，坚持不～
涯	ŋai21	涯：天～
崖	ŋai21	崖：悬～
捱	ŋai45	捱：难～，～苦
鞋	hai21	鞋：布～
解	kiai51	解：懂了，理～，了～
蟹	hai51	蟹：老～
矮	ai51	矮：高矮
敗	pʰai45	败：失～
邁	mai51	迈：豪～，～步
寨	ʦʰai45	寨：山～，大～
蔽	pi45	蔽：隐～
弊	pi45	弊：作～
幣	pi45	币：人民～
斃	pi45	毙：枪～
例	li45	例：举～，～外
厲	li45	厉：严～，～害
勵	li45	励：鼓～
祭	ʦi45	祭：～祀
際	ʦi45	际：国～
滯	ʦʰei45	滞：停～，湿～（中医）
制	ʦɿ45	制：～度
製	ʦɿ45	制：～造
世	sɿ45	世：～界
世	sei451	世：出～
勢	sɿ45	势：～力，有权有～
誓	sɿ45	誓：发～
逝	sɿ45	逝：～世
藝	ȵi45	艺：～术，文～晚会
蓖	pi21	蓖：～麻
閉	pi45	闭：关～
箅	pi45	箅：蒸笼中的竹屉
批	pʰi213	批：～评，大～
批	pʰi213	批：螺丝～
陛	pi45	陛：～下
迷	mi21	迷：入～，～路
米	mi451	米：大米
謎	mi21	谜：～语，猜～
低	tai213	低：高～
堤	tʰi21	堤：河～，～坝
底	tai51	底：水～
抵	ti51	抵：～押
抵	tei51	抵：用手抵挡
帝	ti45	帝：皇～
梯	tʰɔi213	梯：楼～
蒂	ti45	蒂：花～，并～莲
體	tʰi51	体：～育，身～
替	tʰei45	替：代～，～身
剃	tʰei45	剃：～头
題	tʰi21	题：～目，难～
提	tʰi21	提：～问，～醒
蹄	tʰai21	蹄：马～
啼	tʰi21	啼：哭哭～～[文]
啼	tʰi21	啼：鸡～[白]
弟	tʰi45	弟：兄～[文]
弟	hai213	弟：弟弟，老～[白]
第	tʰi451	第：～一，门～
遞	tʰi45	递：传～，邮～员
泥	nei21	泥：水～，地～（地板）
犁	lai21	犁：耕田用具
黎	lai21	黎：～民，～明；姓
禮	li213	礼：～貌
麗	li45	丽：秀～
隸	li45	隶：奴～，～属
擠	ʦi213	挤：拥～，～时间
濟	ʦi45	济：～公，经～
妻	ʦʰi213	妻：夫～
砌	ʦʰei45	砌：～墙
齊	ʦʰei21	齐：～国[文]
齊	ʦʰei21	齐：整～，放～，来～[白]
臍	ʦʰi21	脐：肚～，～带
劑	ʦi45	剂：一～药，药～
西	si213	西：东西南北
棲	si213	栖：两～动物
犀	si213	犀：～牛
洗	sei51	洗：～菜，～衣机
細	sei45	细：粗细，大小
婿	sei45	婿：女～
雞	kei213	鸡：～公（公鸡）
稽	si213	稽：～查，滑～
計	kei45	计：～算，会～
繼	ki45	继：～续，～承
繫	kei213	系：～皮带
髻	ki45	髻：发髻；鸡～（鸡冠）
溪	hai213	溪：～水
啟	kʰi51	启：～发
契	kʰei45	契：房～，～约
倪	ji21	倪：姓，～萍
奚	hai213	奚：～落
兮	si213	兮：神经～～
系	si451	系：中文～，～统
繫	si451	系：联～
係	si451	系：关～[文]
係	hei451	系：是[白]
杯	pi213	杯：茶～
輩	pi45	辈：～分，长～
背	pɔi45	背：违～，后～
胚	pʰi213	胚：～胎
坯	pʰi213	坯：泥～，毛～房
配	pʰi45	配：分～，搭～
培	pʰi21	培：～训
陪	pʰi21	陪：～同
賠	pʰɔi21	赔：～钱
裴	fi213	裴：姓
倍	pʰi45	倍：～数
佩	pʰi45	佩：～服
背	pɔi45	背：～书
焙	hɔt031	焙：～火
梅	mɔi21	梅：～花
枚	mɔi21	枚：两～
媒	mɔi21	媒：～人
煤	mɔi21	煤：烧～，～矿
玫	mɔi21	玫：～瑰
每	mi213	每：～只，～日
莓	mɔi21	莓：草～
妹	mɔi45	妹：妹妹，姊～，老～
昧	mi45	昧：愚～，拾金不～
堆	tɔi213	堆：一～[量]，～放[动]
對	tui451	对：～错；成双成～
碓	tɔi451	碓：舂米工具，踏～
推	tʰui213	推：～荐，～动
腿	tʰui51	腿：～部，火～
退	tʰui45	退：后～，～步[文]
退	tʰui45	退：向后退[白]
隊	tui45	队：～伍，排～
內	nui45	内：～行，～外
雷	lui21	雷：打～，～公；姓
累	lui45	累：劳～
催	ʦʰui213	催：～促，～眠
崔	ʦʰui213	崔：姓，～莺莺
摧	ʦʰui213	摧：～残
罪	ʦʰui45	罪：得～，犯～[文]
罪	ʦʰui45	罪：～过（可怜、难受）[白]
碎	sui45	碎：～布，破～
盔	fɔi213	盔：头～，～甲
魁	kʰvi21	魁：～梧，花～
恢	fɔi213	恢：～复
塊	kʰuai451	块：一～钱，～头
桅	ŋvi21	桅：～杆
灰	fɔi213	灰：石～，～色
賄	jiu451	贿：受～，～赂
悔	fi45	悔：后～
晦	fi45	晦：～气
回	fi21	回：～想[文]
回	fi21	回：～礼[白]
茴	fi21	茴：～香
匯	fi45	汇：～报，～款
潰	kʰvi51	溃：～疡，胃～疡
煨	vɔi213	煨：～番薯
蛻	tʰui51	蜕：～变，～皮，～壳
兌	tʰui51	兑：～水，～换
最	ʦui45	最：～好
會	kʰuai45	会：～计
劊	kʰuai45	刽：～子手
檜	kʰuai45	桧：人名，秦～
外	ŋɔi45	外：～面
會	fi45	会：开～
會	vɔi45	会：～睡，～来
繪	kʰuai45	绘：～图，测～
乖	kuai213	乖：小孩听话
怪	kuai45	怪：奇～
懷	fai21	怀：～疑
槐	fai21	槐：～树
淮	fai21	淮：～河，～北
壞	fai45	坏：～人
拐	kuai451	拐：～卖，铁～李
拐	kuai51	拐：～脚（瘸腿）
掛	kua45	挂：～起来，牵～，～钩
卦	kua45	卦：八～
歪	wai21	歪：～风邪气
畫	fa45	画：～图，图～
快	kʰuai45	快：～车
筷	kʰuai45	筷：公～
話	fa45	话：笑～，讲～[文，名]
話	fa45	话：讲～[白，名]
話	va45	话：说[白，动]
脆	ʦʰɔi45	脆：干～[文]
脆	ʦʰɔi45	脆：易断[白]
歲	sui451	岁：万～，～月[文]
歲	sui451	岁：十～，～数[白]
綴	ʦui451	缀：点～
贅	ʦui451	赘：累～，入～
稅	sɔi451	税：交～，～收
衛	vi451	卫：～生
銳	lui451	锐：尖～，～角
廢	fi45	废：～品，作～
肺	fi45	肺：猪～
吠	pʰɔi45	吠：狗～
穢	sui45	秽：淫～，污～
圭	wa213	圭：人名用字；乌拉～
閨	kvi213	闺：～房
桂	kvi45	桂：～花
奎	kʰvi21	奎：人名用字；～宁（药名）
攜	si213	携：～带，提～
惠	fi45	惠：～州，优～
慧	fi45	慧：智～
碑	pi213	碑：石～，～文
卑	pi213	卑：自～，～鄙
彼	pʰi51	彼：～此
臂	pi51	臂：手～，～力
披	pʰi21	披：～肩，～露
譬	pʰit031	譬：～喻，～如
皮	pʰi21	皮：调～，～肤
疲	pʰi21	疲：～劳
脾	pʰi21	脾：～胃，～气
被	pʰi213	被：被子，毛巾～
婢	pi213	婢：奴～，～女
被	pʰi213	被：～动，～迫
避	pʰit031	避：逃～
糜	mɔi21	糜：～烂；粥
彌	ȵi451	弥：～补，阿～陀佛
離	li21	离：～別，～开
籬	li21	篱：～笆
璃	li21	璃：玻～
荔	li45	荔：～枝
紫	ʦɿ51	紫：～色
雌	ʦʰɿ21	雌：～雄
此	ʦʰɿ51	此：到～为止
刺	ʦʰɿ51	刺：～激，穿～
疵	ʦʰɿ213	疵：瑕～，吹毛求～
斯	sɿ213	斯：～大林
撕	sɿ213	撕：～烂
徙	sai51	徙：移居，～屋，迁～
賜	ʦʰɿ45	赐：赏～
知	ti213	知：通～，～道，无～[文]
知	ʦɿ45	知：～识[文]
知	ti213	知：知道，唔～[白]
蜘	ʦɿ213	蜘：～蛛
智	ʦɿ45	智：～慧
池	ʦʰɿ21	池：水～
馳	ʦʰɿ213	驰：奔～
差	ʦʰa213	差：参～不齐
篩	ʦʰi213	筛：谷～，米～
支	ki213	支：两～笔[白，量]
支	ʦɿ213	支：～持，天干地～[文]
枝	ʦɿ213	枝：树～
肢	ʦɿ213	肢：四～，～体
梔	ki213	栀：黄～（水横枝、黄果）
紙	ʦɿ51	纸：白～
只	ʦʅt031	只：～有
侈	ʦʰɿ213	侈：奢～
舐	sei213	舐：舔
施	sɿ213	施：措～；姓
翅	ʦʰɿ45	翅：鱼～
匙	sɿ51	匙：锁～，汤～
是	sɿ451	是：～否，～非
氏	sɿ45	氏：姓～
豉	sɿ451	豉：豆～
兒	ji21	儿：～童
爾	ȵi213	尔：～虞我诈；保～（人名）
寄	ki45	寄：～信，～托
羈	ʦi213	羁：～押，放荡不～
企	kʰi213	企：～业，～鹅
奇	kʰi21	奇：～怪
騎	kʰi21	骑：～马
騎	kʰi21	骑：～楼
岐	kʰi213	岐：～山
徛	kʰi213	徛：站立；（山）斜度高
技	kʰi213	技：～术[文]
技	kʰi213	技：杂～[白]
妓	ki51	妓：～女
宜	ȵi21	宜：适～，～昌
儀	ȵi21	仪：礼～，～式
蟻	ȵi45	蚁：蚂蚁，白～
誼	ȵi21	谊：友～
義	ȵi45	义：情～，～气
議	ȵi45	议：～论，会～
犧	si213	牺：～牲
戲	si45	戏：做～
倚	ji451	倚：～靠，～老卖老
椅	ji451	椅：椅子，藤～
移	ji21	移：～动
易	ji45	易：容～
悲	pi213	悲：～伤
鄙	pʰi51	鄙：卑～，～视[文]
比	pi51	比：～较，对～
祕	pi45	秘：～书，～密
泌	pi45	泌：分～；滤出汤汁
庇	pʰi213	庇：包～，～护
痹	pi213	痹：麻～
丕	pʰi213	丕：人名用字，曹～
屁	pʰi45	屁：放～
琵	pʰi21	琵：～琶
枇	pʰi21	枇：～杷
備	pʰi45	备：准～，～用
鼻	pʰi45	鼻：鼻子；鼻涕
篦	pi45	篦：篦子（很密的梳子）
眉	mi21	眉：眉毛，画～
楣	mi21	楣：门～
黴	mɔi21	霉：发～，倒～
美	mi213	美：～丽，～化
媚	mi21	媚：～眼，妩～；人名用字
寐	ʦʰit031	寐：梦～以求，假～
地	tʰi45	地：土～
尼	ȵi21	尼：～姑
膩	nei45	腻：油～，细～
梨	lai21	梨
履	li45	履：～行，～历
利	li45	利：～润，有～
痢	li45	痢：～疾
痢	li45	痢：癞～（头屑）
資	ʦɿ213	资：～本
姿	ʦɿ213	姿：～势
咨	ʦɿ213	咨：～询
姊	ʦi51	姊：～妹
次	ʦʰɿ45	次：名～，～品
瓷	ʦʰɿ21	瓷：～砖，陶～
餈	ʦʰi21	糍：糍粑，糯米～
自	ʦʰɿ45	自：～私
私	sɿ213	私：自～
死	si51	死：～人
四	si45	四：数字
肆	si45	肆：放～
致	ʦɿ45	致：导～
遲	ʦʰɿ21	迟：～到，推～
稚	ʦʰɿ213	稚：幼～
師	sɿ213	师：老～，～父
獅	sɿ213	狮：狮子
脂	ʦɿ51	脂：～肪，胭～
旨	ʦɿ51	旨：圣～
指	ʦɿ51	指：手～，～甲
至	ʦɿ45	至：～少
示	sɿ45	示：表～
屍	sɿ213	尸：～体，死～
矢	ʦʰɿ213	矢：有的放～
屎	sɿ51	屎：狗～
視	sɿ45	视：近～
嗜	sɿ45	嗜：～好
二	ȵi45	二：数字
貳	ȵi45	贰：～心
飢	ki213	饥：～饿
肌	ki213	肌：～肉
几	ki51	几：茶～
冀	ʨi45	冀：河北简称，晋察～
器	si45	器：武～，机～，～重
棄	si45	弃：放～，抛～
祁	kʰi21	祁：～连山
伊	ji21	伊：～犁；姓
懿	ji21	懿：人名用字，司马～
夷	ji21	夷：化险为～，蛮～
姨	ji21	姨：大～，～丈
肄	si45	肄：～业
你	ni21	你：～们，第二人称[文]
你	ni21	你：第二人称[白]
釐	li21	厘：～米
狸	li21	狸：狐～
李	li51	李：姓；水果
里	li213	里：公～
裏	li51	里：～外，～背（里面）
理	li213	理：道～，～由
鯉	li21	鲤：～鱼
吏	li45	吏：官～
滋	ʦɿ213	滋：～味
子	ʦɿ51	子：～孙；孔～
梓	ʦɿ51	梓：桑～；曾宪～
慈	ʦʰɿ21	慈：～悲，～禧太后
磁	ʦʰɿ21	磁：～铁，～场
字	sɿ45	字：～典，文～
司	sɿ213	司：公～，～令
絲	sɿ213	丝：～绸
思	sɿ213	思：～想
伺	ʦʰɿ45	伺：～候，～机而动
思	sɿ213	思：意～
辭	ʦʰɿ21	辞：～职，告～
詞	ʦʰɿ21	词：歌～
祠	ʦʰɿ21	祠：～堂
似	sɿ45	似：相～，～乎[文]
似	sɿ45	似：好～（好像）[白]
祀	sɿ45	祀：祭～
巳	sɿ45	巳：地支，～时
寺	sɿ45	寺：～庙，灵光～
嗣	sɿ45	嗣：后～；谭～同
飼	sɿ213	饲：～料，～养[文]
飼	ʦʰɿ45	饲：喂饭[白]
置	ʦɿ451	置：布～
癡	ʦɿ213	痴：白～，～呆
恥	ʦʰɿ51	耻：～辱
持	ʦʰɿ21	持：支～
痔	sɿ45	痔：～疮
治	ʦʰɿ45	治：～安，统～[文]
治	ʦʰɿ21	治：～鸡，～猪[白]
廁	ʦet031	厕：～所，公～
士	sɿ45	士：～兵
仕	sɿ45	仕：～途
柿	sɿ45	柿：柿子，～饼
事	sɿ45	事：～实，～情[文]
事	sɿ45	事：做～[白]
使	sɿ51	使：～用，假～，大～馆
史	sɿ51	史：历～
駛	sɿ51	驶：驾～
之	ʦɿ213	之：～前
芝	ʦɿ213	芝：灵～，～麻
止	ʦɿ51	止：停～，～血
趾	ʦɿ51	趾：脚～
址	ʦɿ51	址：地～
志	ʦɿ45	志：～气，～愿
誌	ʦɿ45	志：县～，标～
痣	ʦɿ45	痣：乌～
齒	ʦʰɿ51	齿：牙～
詩	sɿ213	诗：～人
始	ʦʰɿ51	始：开～，～终
試	sɿ45	试：考～[文]
試	sɿ45	试：试试[白]
時	sɿ21	时：～间，当～
巿	sɿ45	巿：～场，城～
恃	sɿ21	恃：～才傲物，有～无恐
侍	sɿ45	侍：服～，～卫
而	ji213	而：～且，反～
耳	ȵi51	耳：耳朵，中～炎
基	ki213	基：～本，地～
箕	ki213	箕：畚～
己	ki51	己：自～
紀	ki51	纪：～律
記	ki45	记：笔～，～号
欺	kʰi213	欺：～负
起	ʨʰi51	起
杞	ki51	杞：枸～
其	kʰi21	其：～他，～实
棋	kʰi21	棋：围～，捉～（下棋）
期	kʰi21	期：日～
旗	kʰi21	旗：红～
忌	kʰi51	忌：禁～，～讳，～日[文]
忌	kʰi51	忌：做～（做法事）[白]
疑	ȵi21	疑：怀～
擬	ȵi51	拟：模～，～人
嬉	si213	嬉：玩，～戏
煕	si213	熙：康～
喜	si51	喜：～欢
嘻	si51	嘻：～皮笑脸
醫	ji213	医：～生
意	ji45	意：～思
怡	ji213	怡：心旷神～；人名用字
已	ji451	已：～经
以	ji213	以：可～，～为
異	ji45	异：～同
幾	ki51	几：～乎
機	ki213	机：～会，飞～
譏	ki213	讥：～笑
饑	ki213	饥：～荒
幾	ki51	几：～只
幾	ki51	几：～何
旣	ki45	既：～然
豈	kʰi51	岂：～有此理
氣	ʃi45	气：～人，空～
汽	ʃi45	汽：～水，～车
祈	kʰi213	祈：～祷
毅	ȵi45	毅：～力
希	ʃi213	希：～望
稀	ʃi213	稀：～少
衣	ji213	衣：外～；花生皮
依	ji451	依：～靠
累	lui213	累：积～
累	lui451	累：连～
嘴	ʦui51	嘴：嘴巴[文]
嘴	ʦui51	嘴：嘴巴[白，训]
髓	sui213	髓：骨～
隨	sui21	随：～时，～便
吹	ʦʰui213	吹：～牛皮，～喇叭
炊	ʦʰui213	炊：野～
垂	sui21	垂：下～，～头丧气
睡	sɔi45	睡：睡觉
瑞	sui45	瑞：～金；董存～
蕊	sin213	蕊：花～
規	kvi213	规：～定，圆～
詭	kvi51	诡：～计多端
虧	kʰvi213	亏：食～（吃亏）
窺	kvi213	窥：偷～
跪	kʰvi51	跪：下～
危	ŋvi21	危：～险，安～
僞	ŋvi51	伪：虚～
毀	kʰvi51	毁：～灭
萎	vi21	萎：枯～
委	vi213	委：～托，常～
爲	vi21	为：作～，行～，～人
爲	vi21	为：～什么
壘	lui51	垒：堡～，～球
類	lui45	类：分～
淚	lui45	泪：眼～
醉	ʦui45	醉：～酒
翠	ʦʰui45	翠：翡～
悴	ʦʰui45	悴：憔～
雖	sui21	虽：～然
粹	ʦʰui45	粹：纯～
遂	sui45	遂：杀人未～
隧	sui45	隧：～道
穗	fi45	穗：谷～
追	ʦui213	追：～求[文]
追	ʦui213	追：追赶，赶走[白]
槌	ʦʰui21	槌：木～[名]；[动]
錘	ʦʰui21	锤：铁～[名]；[动]
墜	ʦui45	坠：下～，玉～[文]
墜	ʦui45	坠：目～～[白]
衰	sɔi213	衰：～弱，～老[文]
衰	sɔi213	衰：运气不好[白]
摔	sɔi51	摔：～跤
帥	sai45	帅：元～
錐	ʦui213	锥：圆～
水	sui51	水：～果，～平
誰	sui21	谁：疑问代词
龜	kvi213	龟：乌～
軌	kvi51	轨：铁～
癸	kʰvi21	癸：天干
愧	kʰvi51	愧：惭～
季	kvi45	季：四～，～节
逵	kʰvi21	逵：人名用字，李～
葵	kʰvi21	葵：向日～，～花籽
櫃	kʰvi45	柜：～台
位	vi45	位：座～，～置
維	vi21	维：～生素，～持，纤～
惟	vi21	惟：～一
遺	vi21	遗：～失，～憾
唯	vi21	唯：～物主义
非	fi213	非：是～，～常
飛	fi213	飞：～机；人名，张～[文]
飛	fi213	飞：飞行[白]
匪	fi45	匪：土～
痱	fi45	痱：痱子，热～
妃	fi213	妃：贵～
費	fi45	费：～用，浪～
肥	pʰi21	肥：化～，～肉
翡	fi213	翡：～翠
微	mi21	微：稍～
尾	mi21	尾：尾巴
未	vi451	未：～来；地支
味	mi451	味：～道，～精
歸	kvi213	归：回～，～类
鬼	kvi51	鬼：鬼神
貴	kvi45	贵：～重
魏	ŋvi45	魏：～国；姓
揮	fi213	挥：指～
輝	fi213	辉：光～，～煌
徽	fi213	徽：国～，～章
諱	vi51	讳：忌～
威	vi213	威：～风，～胁
畏	vi45	畏：不喜欢；怕，～热
慰	vi51	慰：安～，～问
違	vi21	违：～反
圍	vi21	围：包～，～墙
偉	vi51	伟：～大
葦	vi451	苇：芦～
緯	vi451	纬：经～
胃	vi45	胃：肠～
謂	vi45	谓：称～，所～
彙	fi45	汇：词～
褒	pɔ213	褒：～奖，～义词
保	pɔ51	保：～护
堡	pɔ51	堡：碉～
寶	pɔ51	宝：～贝
報	pɔ45	报：～告，日～
袍	pʰau21	袍：长～，袄～
抱	pʰau45	抱：拥抱
暴	pʰau45	暴：～雨，残～
毛	mɔ213	毛：～病，鸡～
冒	mɔ45	冒：～充，感～
帽	mɔ45	帽：草～
刀	tɔ213	刀：菜～
叨	tɔ213	叨：唠～
禱	tʰɔ21	祷：祈～，～告
島	tɔ51	岛：海南～
倒	tɔ51	倒：颠～
到	tɔ45	到：～站
倒	tɔ51	倒：～水，～退
滔	tʰɔ213	滔：～～不绝，波浪～天
討	tʰɔ51	讨：～老婆，～厌
套	tʰɔ45	套：配～，～房
桃	tʰɔ21	桃：杨～，～花
逃	tʰɔ21	逃：～走
淘	tʰɔ21	淘：～米，～沙
陶	tʰɔ21	陶：～瓷；姓
萄	tʰɔ21	萄：葡～
濤	tʰɔ21	涛：波～
道	tʰɔ45	道：～理
稻	tʰɔ45	稻：水～
盜	tʰɔ45	盗：强～，～窃
導	tʰɔ213	导：领～，～师
腦	nɔ51	脑：猪～，～屎（脑子）
惱	nɔ51	恼：烦～[文]
惱	nau213	恼：讨厌，不喜欢[白]
勞	lɔ21	劳：～动
撈	lɔ21	捞：打～局[文]
撈	lei21	捞：～起来[白]
牢	lɔ21	牢：～房，坐～
嘮	lɔ21	唠：～叨
老	lɔ51	老：～爷，～实
澇	lɔ21	涝：洪～，旱～
遭	ʦɔ213	遭：～遇，～殃
糟	ʦɔ213	糟：酒～，～糕
早	ʦɔ51	早：还～
棗	ʦɔ51	枣：红～
蚤	set031	蚤：跳～
躁	ʦʰau45	躁：烦～，暴～
竈	ʦɔ45	灶：～头，～神
操	ʦʰau213	操：做～，～作
草	ʦʰɔ51	草：青～，～稿
糙	ʦʰɔ45	糙：～米，粗～
曹	ʦʰɔ21	曹：姓
槽	ʦʰɔ21	槽：猪～，水～
皂	ʦʰɔ45	皂：肥～
造	ʦʰɔ45	造：创～
騷	sau21	骚：风～，离～
臊	sɔ213	臊：臭～
掃	sɔ45	扫：～地[动]
嫂	sɔ51	嫂：大～
掃	sɔ45	扫：～把[名]
髙	kɔ213	高：姓；～低
膏	kau213	膏：牙～；狗皮～药
篙	kɔ213	篙：竹～
羔	kau213	羔：羊～
糕	kau213	糕：蛋～，糟～
稿	kɔ51	稿：草～，～纸
吿	kɔ45	告：报～，～状
考	kʰau51	考：～试，大～
烤	kʰau51	烤：烧～
靠	kʰau45	靠：依～，可～
犒	kʰau45	犒：～劳，～赏
熬	au213	熬：～汤，～夜
傲	ŋau45	傲：骄～
蒿	kɔ213	蒿：蓬～，青～，茼～
好	hɔ51	好：～人
好	hau45	好：爱～
耗	hɔ213	耗：消～
豪	hɔ21	豪：～华，～猪
壕	hɔ21	壕：战～
毫	hɔ21	毫：～米
號	hɔ45	号：～叫，呼～[动]
浩	hau213	浩：～～荡荡；人名用字
號	hɔ45	号：～码，口～[名]
襖	ɔ51	袄：棉～，～袍
懊	ɔ45	懊：～恼
奧	ɔ45	奥：～妙，～运会
懊	ɔ45	懊：～悔
澳	ɔ45	澳：～门
包	pau213	包：钱～，～围
胞	pau213	胞：同～
飽	pau51	饱：食～（吃饱）
豹	pau45	豹：动物，～虎
爆	pʰau45	爆：～炸
泡	pʰau45	泡：灯～；泡沫（多～）
泡	pʰau45	泡：起～[训，瘭]
拋	pʰau213	抛：～弃
炮	pʰau45	炮：枪～
泡	pʰau45	泡：～茶
跑	pʰau213	跑：～步
刨	pʰau213	刨：～地，～花板
鮑	pau213	鲍：姓；～鱼
茅	mau21	茅：～庐
貓	miau45	猫：大～
錨	miau21	锚：抛～
卯	mau213	卯：地支，子丑寅卯
貌	mau45	貌：礼～
鬧	nau45	闹：～热，～事
罩	ʦau45	罩：灯～，床～
抓	ʦa213	抓：～紧
爪	ʦau51	爪：鸡～
找	ʦau51	找：～钱，查～
抄	ʦʰau213	抄：～书
鈔	ʦʰau213	钞：～票
炒	ʦʰau51	炒：～股，～菜
吵	ʦʰau21	吵：～人，争～
巢	sau21	巢：雀～
梢	ʃiau213	梢：树～
捎	sau213	捎：～带，～口信
稍	sau213	稍：～等；～息
哨	sau45	哨：口～
交	kau213	交：～通，～钱[文]
交	kʰau213	交：交叉，～脚（翘二郎腿）[白]
郊	kau213	郊：～区
膠	kau213	胶：～水，橡～
敎	kau213	教：～书
絞	kau51	绞：～刑，～肉机
狡	kau51	狡：～猾
鉸	kau213	铰：～剪
攪	kau51	搅：搅拌
搞	kau51	搞：～活动
敎	kau213	教：～育，～师
校	kau51	校：～对
校	kau51	校：调校
較	kau51	较：比～[文]
較	kau51	较：交换[白]
酵	kau45	酵：发～，～母片
窖	kau45	窖：地～，番薯～
覺	kau45	觉：睡～
敲	kʰau213	敲：～锣打鼓
巧	kʰau51	巧：～合
咬	ŋau213	咬：～人
孝	hau45	孝：～顺
哮	hau213	哮：～喘
肴	jei21	肴：美味佳～
淆	ʦʰau21	淆：混～
效	hau45	效：～果
校	kau51	校：学～，～长，上～
凹	au213	凹：～面镜
坳	au45	坳：山～，～背
臕	pʰiau213	膘：肥～
標	piau213	标：～准，～志，招～
表	piau51	表：图～，～扬
錶	piau213	表：手～
飄	pʰiau213	飘：～扬
漂	pʰiau213	漂：～流
漂	pʰiau213	漂：～白，～亮
票	pʰiau45	票：车～
瓢	pʰiau213	瓢：勺子
嫖	pʰiau213	嫖：～娼
鰾	pʰau45	鳔：鱼～
苗	miau21	苗：鱼～，～族
描	miau21	描：～写
藐	mau51	藐：～视
渺	miau451	渺：～小，～茫
秒	miau451	秒：～针
廟	miau45	庙：和尚～
妙	miau45	妙：～计
燎	liau21	燎：星星之火，可以～原
療	liau21	疗：治～，～养
焦	ʦiau213	焦：姓
蕉	ʦiau213	蕉：米～；～岭（地名）
椒	ʦei213	椒：胡～
剿	sau21	剿：围～，～匪
悄	sau213	悄：静～～
俏	siau213	俏：俊～
樵	ʦʰei21	樵：柴
消	siau213	消：～化
宵	siau213	宵：元～，夜～
硝	siau213	硝：～烟，～酸
銷	siau213	销：供～社，～售
小	siau51	小：～姐，～人
笑	siau45	笑：～话，玩～
肖	siau213	肖：姓
肖	siau213	肖：生～
鞘	siau213	鞘：刀～
朝	ʦei213	朝：～晨，三～
超	ʦʰei213	超：～过
朝	ʦʰei21	朝：～代
潮	ʦʰei21	潮：～湿，涨～
趙	ʦʰei45	赵：姓
兆	ʦei45	兆：预～；人名用字
召	sei45	召：号～，～集
昭	ʦei213	昭：王～君
招	ʦei213	招：～生
沼	sei45	沼：～气
照	ʦei45	照：～明，～顾
詔	ʦei213	诏：～书；～安（地名）
燒	sei213	烧：～水，发～
少	sei51	少：～数，多～
少	sei51	少：～年，～爷
韶	sei213	韶：～关（地名）
紹	sei45	绍：介～；～兴（地名）
邵	sei45	邵：姓
饒	ȵie21	饶：～命，求～
擾	jiei451	扰：打～，～乱
繞	ȵiei51	绕：围～，～线
驕	kei213	骄：～傲
嬌	kei213	娇：～气，做～（撒娇）
矯	kei213	矫：～正
喬	kʰei21	乔：姓
僑	kʰei21	侨：华～
橋	kʰei21	桥：大～
轎	kʰei45	轿：坐～，扛～
翹	kʰei21	翘：银～片
翹	kʰei45	翘：～起来
囂	siei213	嚣：～张
夭	jiei213	夭：～折
妖	jiei213	妖：～怪
邀	jiei213	邀：～请
腰	jiei213	腰：猪～
要	jiei213	要：～求
要	jiei45	要：重～
搖	jiei21	摇：动～，～篮
謠	jiei21	谣：歌～，民～
遙	jiei21	遥：逍～
窯	jiei21	窑：～洞，烧～
姚	jiei21	姚：姓，～明
舀	jiei51	舀：～水
耀	jiei45	耀：～眼，荣～
鷂	jiei45	鹞：纸～（风筝）；～婆（老鹰）
刁	tiau213	刁：～钻，嘴～
貂	tiau213	貂：～婵，～皮
雕	tiau213	雕：木～，～刻
鳥	ȵiau213	鸟：花～市场[文]
鳥	ȵiau213	鸟：～笼[白]
鳥	tiau51	鸟：骂人话，交合[白]
釣	tiau45	钓：～鱼
吊	tiau45	吊：上～，～车
挑	tʰiau213	挑：～剔，～担
跳	tʰiau451	跳：～高，起～
糶	tʰiau451	粜：～米（卖米）
條	tʰiau21	条：～件，字～
調	tʰiau21	调：～和，～整
跳	tʰiau451	跳：～上跌落（阳平）
掉	tiau451	掉：～头，～队
調	tʰiau451	调：音～
調	tiau451	调：～动，～走
尿	ȵiau451	尿：屙～
聊	liau21	聊：无～，～天
遼	liau21	辽：～宁，～国
撩	liau21	撩：～起来
撩	liau21	撩：～人
寥	liau21	寥：～～无几
了	liau51	了：～结；明～，～解
瞭	liau21	瞭：～望台
料	liau45	料：肥～，材～
蕭	siau213	萧：姓；～山（地名）
簫	siau213	箫：吹～
澆	ʦiau213	浇：～水
繳	kei51	缴：～枪，～费
僥	ȵie51	侥：～幸
叫	kei45	叫：大～；小孩哭
竅	kʰei45	窍：～门
堯	jiau21	尧：～舜禹
曉	sie51	晓：春～，～得
么	jiei213	么：～二三
吆	jiei213	吆：～喝
剖	pʰiau451	剖：解～
某	mei213	某：～人
畝	mei213	亩：一～田
牡	miau45	牡：～丹
母	mu213	母：父～
拇	mu213	拇：～指
戊	vu45	戊：～戌变法
茂	miau45	茂：～盛；～名（地名）
貿	miau51	贸：外～，～易
兜	tei213	兜：～风
斗	tei51	斗：十升为一斗
抖	tei51	抖：发～
陡	tei51	陡：斜度大，～峭
鬥	tei45	斗：～争，批～
偸	tʰei213	偷：小～
㪗	tʰei51	敨：～气（呼吸）
透	tʰei45	透：～明
頭	tʰei21	头：开～
投	tʰei21	投：～降
豆	tʰei45	豆：黄～
逗	tʰei45	逗：～留，～号
逗	tʰei45	痘：水～
樓	lei21	楼：～下
簍	lam21	篓：竹～，字纸～
摟	lei51	搂：搂抱
漏	lei45	漏：～水，～斗
陋	lei45	陋：简～
走	ʦei51	走：行走
奏	ʦei45	奏：节～
湊	ʦʰei45	凑：～数，～热闹
嗽	sei45	嗽：咳～
勾	kei213	勾：～心斗角，～引
鉤	kei213	钩：鱼～
溝	kei213	沟：～通
狗	kei51	狗
苟	kei213	苟：～且偷生
夠	kei451	够：足～
垢	lat031	垢：水～
構	kei45	构：结～，～造
購	kei45	购：采～，收～
勾	kei213	勾：～当
摳	vat031	抠：挖
口	kʰei51	口：～头，开～
口	kʰei51	口：一～饭
叩	kʰap031	叩：～头
扣	kʰei45	扣：～钱，～压
寇	kʰei45	寇：姓，～准；倭～
藕	ȵie51	藕：～断丝连，莲～
偶	ȵie51	偶：配～，～然
侯	hei21	侯：姓；诸侯
喉	hei21	喉：～咙
猴	hei21	猴：猴子
後	hei45	后：～生，～来[文]
後	hen213	后：～日[白]
后	hei45	后：皇～
厚	hei45	厚：忠～
候	hei45	候：～车室，等～
歐	ei213	欧：～洲；姓
區	kʰi213	区：姓
嘔	ei51	呕：～吐
毆	ei51	殴：～打
漚	ei45	沤：久浸水中，～坏，～肥
慪	ei51	怄：～气
否	fei51	否：是～，～定
富	fu45	富：丰～，～贵
副	fu45	副：正～
浮	fei21	浮：轻～，～力；云～（地名）
浮	fei21	浮：～起来[白]
負	fu45	负：～责，～担
婦	fu45	妇：～女[文]
婦	kʰiu45	妇：新～（儿媳）[白]
復	fuk031	复：反～
謀	miau21	谋：计～，～财害命
矛	mau21	矛：～盾
紐	ȵiu51	纽：纽扣；～约（地名）
扭	ȵiu51	扭：～面帕，～动
流	liu21	流：河～[文]
流	liu21	流：～汗[白]
劉	liu21	刘：姓
留	liu21	留：～级，停～
榴	liu21	榴：石～，～莲
硫	liu21	硫：～磺
琉	liu21	琉：～璃
柳	liu51	柳：～树
溜	liu213	溜：～走
溜	liu45	溜：～滑梯
餾	liu45	馏：蒸～水，～粄
廖	liau45	廖：姓
揫	ʦiu51	揪：揪头发
酒	ʦiu51	酒：～精
秋	ʦʰiu213	秋：～天；～千
就	ʦʰiu51	就：成～，～去
修	siu213	修：装～，～正
羞	siu213	羞：～愧
秀	siu45	秀：清～，～才
繡	siu45	绣：～花
宿	siuk031	宿：星～
銹	siu45	锈：铁～
囚	siu21	囚：～犯
泅	ʦʰiu21	泅：游水
袖	ʦʰiu45	袖：领～，衫～（衣袖）
肘	ʦaŋ213	肘：手～
晝	ʦu45	昼：上～，～夜
抽	ʦʰu213	抽：～出
丑	ʦʰu51	丑：地支，子丑寅卯
綢	ʦʰu21	绸：～缎，丝～
稠	ʦʰu21	稠：～密
籌	ʦʰu21	筹：～码，～备
紂	ʦu45	纣：商～王
宙	ʦu45	宙：宇～
鄒	ʦei213	邹：姓，～家华
皺	ʦu45	皱：～纹
縐	ʦu45	绉：文～～
愁	ʦʰu21	愁：～眉苦脸
驟	ʦʰei51	骤：步～
搜	sei213	搜：～查
餿	sei213	馊：饭馊了，臭～
蒐	sei213	搜：～集
瘦	ʦʰei45	瘦：肥瘦
周	ʦu213	周：姓；～围，～年
舟	ʦu213	舟：～山
州	ʦu213	州：广～
洲	ʦu213	洲：亚～
帚	ʦiuk045	帚：扫～
咒	ʦu45	咒：～人
醜	ʦʰu51	丑：出～[文]
醜	ʦʰu51	丑：长得丑[白]
臭	ʦʰu45	臭：～味
收	su213	收：丰～，～集
手	su51	手：～脚，～段
首	su51	首：～先
守	su51	守：看～所，保～
獸	ʦʰu45	兽：野～
仇	su21	仇：～人，报～
酬	ʦʰu21	酬：应～，～谢
受	su45	受：接～
壽	su45	寿：长～
授	su45	授：教～
售	ʦʰu21	售：～货，出～
柔	jiu21	柔：温～，～和
揉	jiu21	揉：～烂
鳩	kei213	鸠：斑～
鬮	kei213	阄：拈～（抓阄）
糾	kiu213	纠：～缠
九	kiu51	九：数字，～龙
久	kiu51	久：长～
韭	kiu51	韭：～菜
灸	kiu45	灸：针～
救	kiu45	救：～命
究	kiu45	究：～竟，研～
丘	kʰiu213	丘：一～田
丘	siu213	丘：姓
求	kʰiu21	求：要～
球	kʰiu21	球：足～
仇	su21	仇：姓
臼	tɔi45	臼：石～，脱～
舅	kʰiu213	舅：～公
舊	kʰiu45	旧：新～
牛	ȵiu21	牛：～牯
休	siu213	休：～息，退～
朽	siu51	朽：腐～，永垂不～
嗅	siu45	嗅：～觉
憂	jiu21	忧：～虑，担～
優	jiu21	优：～秀
尤	jiu21	尤：～其
郵	jiu21	邮：～票，～电局
有	jiu213	有：～钱
友	jiu213	友：朋～，～谊
又	jiu451	又：～来
右	jiu51	右：左～
祐	jiu451	佑：保～
由	jiu21	由：～于，理～
油	jiu21	油：麻～
遊	jiu21	游：～泳，旅～
猶	jiu21	犹：～豫
悠	jiu21	悠：～闲，历史～久
酉	jiu213	酉：地支，申酉戌亥
誘	jiu451	诱：～惑，引～
柚	jiu45	柚：沙田～
釉	jiu45	釉：上～，～彩
彪	piau213	彪：林～
謬	miau51	谬：～论，荒～
丟	tiu213	丢：～失
糾	tiu213	纠：～正
幽	jiu21	幽：～默
幼	jiu45	幼：细小，～稚
耽	tam213	耽：～误
答	tap031	答：回～
搭	tap031	搭：～车；衣服搭在肩上
貪	tʰam213	贪：～心
探	tʰam51	探：试～
踏	tʰap045	踏：脚～
潭	tʰam21	潭：深～
譚	tʰam21	谭：姓，～嗣同
沓	tʰiap031	沓：一～纸
南	nam21	南：东南西北
男	nam21	男：男女
納	nap045	纳：归～
拉	la213	拉：拖～
簪	ʦam213	簪：绾住发髻的条状物
參	ʦʰam21	参：～军，～加
慘	ʦʰam51	惨：悲～
蠶	ʦʰam21	蚕：～丝
雜	ʦʰap045	杂：复～
感	kam51	感：～谢，～动
蛤	kʰap031	蛤：花～；～蚧
鴿	kap031	鸽：白～
堪	kʰam213	堪：难～，不～
龕	kʰiam213	龛：神～
坎	kʰam213	坎：～坷
砍	kʰam51	砍：～伤
勘	kʰam45	勘：～误，～探
含	ham21	含：包～[文]
含	ham21	含：～糖[白]
函	ham21	函：～授，信～
撼	ham45	撼：震～
憾	ham45	憾：遗～
合	hap045	合：～作，～适[文]
合	hap045	合：～本，～伙[白]
盒	hap045	盒：铁～
庵	am213	庵：尼姑～
揞	em213	揞：手覆，揞住
揞	jie451	揞：把粉末撒在表面
暗	am451	暗：不亮
擔	tam213	担：～任[动]
擔	tam213	担：～竿[名]
膽	tam51	胆：大～
擔	tam213	担：挑～[名]；一～水[量]
坍	tan213	坍：～塌
毯	ʦan213	毯：毛～
塔	tʰap031	塔：宝～
塌	tʰap031	塌：倒～
談	tʰam21	谈：会～，～论
痰	tʰam21	痰：吐～
淡	tʰam45	淡：～水（地名）
淡	tʰam45	淡：咸～；浓～
藍	lam21	蓝：～色；姓
籃	lam21	篮：菜～
覽	lam45	览：展～，阅～室
攬	lam45	揽：包～[文]
攬	nam451	揽：抱[白]
欖	lam213	榄：橄～，乌～
濫	lam45	滥：泛～
纜	lam45	缆：～车
臘	lap045	腊：～肉，～肠
蠟	lap045	蜡：～烛
慚	ʦʰam51	惭：～愧
暫	ʦʰiam45	暂：～时
三	sam213	三：～国
甘	kam213	甘：甜；～心
柑	kam213	柑
敢	kam51	敢：勇～
橄	kam51	橄：～榄
磕	kʰak031	磕：～头
蚶	kam213	蚶：软体动物，血～
憨	kʰam213	憨：～厚
喊	ham45	喊：叫[文]
喊	ham45	喊：叫[白]
站	ʦam51	站：站立
賺	ʦʰɔn451	赚：～钱
站	ʦam51	站：车～
斬	ʦam51	斩：白～鸡
蘸	ʦiam51	蘸：～豉油
插	ʦʰap031	插：～花
閘	ʦʰak045	闸：铁～，跳～
煠	sap045	炸：～番薯（水煮地瓜）
杉	ʦʰam45	杉：～树
尷	kam213	尴：～尬
減	kam51	减：加～
鹻	kiam51	碱：酸～，～性
鹻	kiam51	碱：纯～
夾	kiap045	夹：夹子；～心饼干
裌	kiap045	夹：～袄，～衣
恰	kʰap031	恰：～切，～当
咸	ham21	咸：～丰皇帝
鹹	ham21	咸：～淡
陷	ham45	陷：～害，～井
掐	kʰak045	掐：～颈（掐脖子）
餡	ham451	馅：～饼
狹	siap045	狭：～窄[文]
狹	hap045	狭：空间小[白]
峽	siap045	峡：三～（地名）
洽	kʰap031	洽：～谈会，融～
攙	ʦʰan21	搀：～扶，～腰
衫	sam213	衫：衬～，～裤（衣服）
監	kam51	监：～狱，～视，～督
鑑	kam45	鉴：～定
監	kam51	监：太～
甲	kap031	甲：天干，甲乙丙丁
胛	kap031	胛：肩～
巖	ŋam21	岩：～石，石灰～
銜	ham21	衔：军～；叼在嘴里
艦	kam45	舰：军～
匣	kap031	匣：匣子
鴨	ap031	鸭：鸭子
押	kap031	押：抵～，～送
壓	ap031	压：～力
貶	pien51	贬：～值
黏	ȵiam21	黏：～合剂，～起来
聶	ȵiap031	聂：姓，～耳
廉	liam21	廉：清～，～洁
鐮	liam21	镰：镰刀，禾～
簾	liam21	帘：窗～
斂	liam45	敛：收～
殮	liam45	殓：给死者穿衣入棺，～尸
獵	liap045	猎：打～，～人
尖	ʦiam213	尖：～刀
殲	siam21	歼：～灭
接	ʦiap031	接：迎～，～待
籤	ʦʰiam213	签：竹～，求～
簽	ʦʰiam213	签：～字，～名
妾	ʦʰiap031	妾：小老婆
潛	siam21	潜：～力
漸	ʦʰiam45	渐：逐～
捷	ʦʰiap045	捷：～报，大～，敏～
沾	ʦam213	沾：～光
粘	ʦam213	粘：～贴
占	ʦam45	占：～卜
佔	ʦam45	占：～领，～地方
摺	ʦap031	折：～被，～叠
褶	ʦap031	褶：衣裙或皮肤上的皱纹，打～
陝	siap045	陕：～西
閃	sap031	闪：～开
攝	ȵiap031	摄：～影
蟾	sam21	蟾：～蜍
涉	siap045	涉：～及
染	ȵiam51	染：污～
染	ȵiam45	染：～色
檢	kiam51	检：～查，体～
臉	lian213	脸：红～白～[文]
鉗	kʰiam21	钳：～工，火～
儉	kʰiam45	俭：勤～
驗	ȵiam45	验：～收，试～
險	siam51	险：危～，保～
淹	jiam451	淹：～没
閹	jiam213	阉：～鸡，～猪
掩	jiam451	掩：～护
厭	jiam45	厌：讨～
炎	jiam21	炎：消～，～热
鹽	jiam21	盐
閻	jiam21	阎：～罗王；姓
簷	jiam21	檐：屋～下
豔	jiam45	艳：鲜～，～丽
焰	jiam45	焰：火～
葉	jiap045	叶：树～；姓
頁	jiap045	页：～数
劍	kiam45	剑：宝～
劫	kiap031	劫：抢～
欠	kʰiam45	欠：～钱，拖～
怯	kiap031	怯：胆～
嚴	ȵiam21	严：～格；姓
釅	ȵiam21	酽：～茶
業	ȵiap045	业：事～，～余
脅	siap045	胁：威～
醃	jiam21	腌：腌制
掂	tiam45	掂：～量
點	tiam51	点：～心，～头
店	tiam45	店：开～
跌	tiet031	跌：～打
添	tʰiam213	添：～加，～丁
帖	tʰiap031	帖：请～
貼	tiap031	贴：补～
貼	tiap031	贴：～纸，～对联[动]
甜	tʰiam21	甜
簟	ʦau451	簟：竹制品，用以储存粮食
疊	tʰiap045	叠：～起来，折～
碟	tʰiap045	碟：盛具，碟子
牒	tʰiap045	牒：通～，文～
蝶	tʰiap045	蝶：蝴～
諜	tʰiap045	谍：间～
鮎	ʦam213	鲇：～鱼
拈	ȵiam213	拈：用指头捏取物，～起来
念	ȵiam45	念：～经，怀～
兼	kiam213	兼：～职
挾	kiap031	挟：～菜
謙	kʰiam213	谦：～虚
歉	kʰiap031	歉：道～，～意
嫌	siam21	嫌：～弃，～人
協	siap045	协：～会，～作
俠	siap045	侠：武～
法	fap031	法：方～
泛	fam51	泛：广～，～滥[文]
泛	pʰaŋ451	泛：中空，～谷[白]
凡	fam21	凡：平～
帆	fam21	帆：～船
范	fam451	范：姓
範	fam451	范：模～，～围
犯	fam451	犯：～法[文]
犯	fam451	犯：触犯[白]
乏	fat045	乏：缺～
稟	pin51	禀：～报
品	pʰin51	品：～德
賃	pʰin21	赁：租～
林	lin21	林：树～；姓
淋	lin21	淋：～湿，～菜
臨	lin21	临：～时，面～
立	lit045	立：～足
笠	lit031	笠：～嫲，斗～
粒	lit031	粒：三～，颗～
凜	lin51	凛：威风～～
浸	ʦin45	浸：～水
侵	ʦʰin213	侵：～略
寢	ʦʰit031	寝：就～，～室，废～忘食
緝	sit045	缉：～私，通～
集	sit045	集：～合，～体
輯	sit045	辑：编～
心	sin213	心：～肝，内～
尋	ʦʰin21	寻：～人
習	sit045	习：学～，练～
襲	sit045	袭：～击，偷～
沉	ʦʰun21	沉：～底
蟄	ʦʰət045	蛰：惊～
參	ʦʰam21	参：～差不齐
岑	ʦʰin21	岑：姓，～参；～村
森	sen213	森：～林
參	sen213	参：人～
滲	ʨin45	渗：～水
澀	set031	涩：青～
澀	kiap031	涩：柿子～[训]
針	ʦun213	针：～线，～对
斟	ʦun213	斟：～酒，～酌
枕	ʦun51	枕：～头[名]；～枕头[动]
執	ʦət031	执：～行，～法
汁	ʦʅt031	汁：菜～，果～
深	ʦʰun213	深：～浅，～入
沈	sun51	沈：姓；地名，～阳
審	sun51	审：～问
嬸	sun51	婶：叔母，大～
濕	sət031	湿：潮～
甚	sun45	甚：～至
十	sət045	十：数字
拾	sət045	拾：收～
壬	jin21	壬：天干，庚辛壬癸
任	jin45	任：姓；责～，～何
紝	jiun45	纫：缝～
入	ȵit045	入：～门，进～
今	kin213	今：～日，～年，现～[文]
今	kin213	今：～日，～年[白]
金	kin213	金：～银
禁	kin451	禁：不～
襟	kin451	襟：衣的前幅、交领，连～
錦	kin451	锦：～绣，～旗
禁	kin451	禁：～止
急	kit031	急：心～
級	kʰit031	级：～别，年～
級	kʰit031	级：三年～
給	kit031	给：供～，～予
欽	kʰin213	钦：～差，～佩
泣	lit031	泣：～血，哭～
琴	kʰin21	琴：弹～
禽	kʰin21	禽：家～
擒	kʰin21	擒：～拿
及	kʰit045	及：～时
吟	lin21	吟：～诗
吸	kʰit031	吸：呼～，～引
音	jin213	音：～乐，声～
陰	jin213	阴：～天
飮	jin451	饮：～料
蔭	jin213	荫：福～，树～
飮	jin451	饮：～田
淫	jin21	淫：～荡
丹	tan213	丹：牡～，仙～
單	tan213	单：～独
旦	tan45	旦：元～，花～
疸	tam51	疸：黄～
灘	tʰan213	滩：沙～
攤	tʰan213	摊：分～，～开，摆～
癱	tʰan213	瘫：～痪
坦	tʰan51	坦：～白，～克
炭	tʰan45	炭：烧～
嘆	tʰan45	叹：～气
獺	lai45	獭：水～
檀	tʰan21	檀：～香
壇	tʰan21	坛：天～，文～
彈	tʰan21	弹：～琴
誕	tan45	诞：圣～，～生
但	tan45	但：～係（但是），不～
彈	tan51	弹：子～
蛋	tʰan45	蛋：皮～
達	tʰat045	达：发～，～到
難	nan21	难：困～
難	nan51	难：逃～，患～
捺	nai51	捺：撇～
蘭	lan21	兰：～花
攔	lan21	拦：～路
欄	lan21	栏：～杆
懶	lan213	懒：懒惰，～尸
爛	lan451	烂：灿～，腐～
辣	lat045	辣：～椒
瘌	lat031	瘌：结～（结痂），～痢（头屑）
贊	ʦan51	赞：称～，～助
餐	ʦʰɔn213	餐：～车，快～
燦	ʦʰan451	灿：～烂
擦	ʦʰat031	擦：～车
殘	ʦʰan21	残：～废
珊	san213	珊：～瑚
散	san51	散：药～
散	san45	散：分～，解～
撒	sa51	撒：～手，～种
薩	sat031	萨：菩～
干	kɔn213	干：天～地支；～扰
亁	kɔn213	干：烘～，饼～
肝	kɔn213	肝：猪～
竿	kɔn213	竿：竹～
桿	kɔn213	杆：旗～，杠～
稈	kɔn213	秆：禾～（稻秆）
趕	kɔn51	赶：追～
幹	kɔn45	干：～部，才～
割	kɔt031	割：～禾（割稻）
葛	kɔt031	葛：诸～亮；生～，～薯
看	kʰɔn45	看：～守所
刊	kʰɔn213	刊：报～
看	kʰɔn45	看：看见
渴	hɔt031	渴：口渴；～望
岸	ŋan45	岸：口～，两～
鼾	kʰɔn213	鼾：～睡
罕	hɔn51	罕：稀～，～见
漢	hɔn45	汉：～人
喝	hɔt031	喝：吆～，～彩
寒	hɔn21	寒：大～，～流
韓	hɔn21	韩：～国；姓
旱	hɔn213	旱：干旱
汗	hɔn45	汗：出～，～马功劳
銲	hɔn45	焊：电～，～接
翰	hɔn45	翰：～林院；人名用字
安	ɔn213	安：公～，～全
鞍	ɔn45	鞍：马～，～山
按	ɔn45	按：～照
案	ɔn45	案：～件，档～
扮	pan451	扮：打～
八	pat031	八：数字
盼	pʰan451	盼：～望
瓣	pʰan451	瓣：花～
辦	pʰan451	办：～事
拔	pʰat045	拔：～河，选～
綻	ʦan451	绽：破～[文]
綻	ʦan51	绽：长出，～笋，～芽[白]
盞	ʦan51	盏：灯～（灯）
紮	ʦap031	扎：～紧，驻～
鏟	ʦʰan51	铲：～草
察	ʦʰat031	察：观～
山	san213	山
產	san51	产：生～
殺	sat031	杀：～人，自～
艱	kian213	艰：～苦
間	kian213	间：房～，中～
簡	kian51	简：～单
揀	kian51	拣：挑选
間	kian213	间：～断，离～[文]
間	kak031	间：隔开[白]
眼	ȵian51	眼：双～皮
閑	han21	闲：～事，空～
限	han45	限：期～，～制
莧	ham21	苋：～菜
軋	ʦap031	轧：～钢厂
班	pan213	班：上～
斑	pan213	斑：～马
頒	pan213	颁：～布，～奖
扳	pan51	扳：～手，～开
板	pan51	板：黑～，石～
版	pan51	版：出～
攀	pan213	攀：～登，高～
蠻	man21	蛮：不听话；野～
慢	man45	慢：～车
棧	ʦʰan45	栈：客～；碗橱，碗～
鍘	ʦet031	铡：～刀
刪	san213	删：～除
疝	san213	疝：～气（小肠气）
奸	kian213	奸：～诈，～臣
鐧	kian51	锏：杀手～
顏	ȵian21	颜：姓；～色
雁	ŋan45	雁：大～
瞎	hat045	瞎：～目
轄	hɔt045	辖：管～，直～市
晏	jian45	晏：晚、迟；～子使楚
鞭	pien213	鞭：皮～，～策
編	pien213	编：主～，～辑[文]
編	pien213	编：毛～，～毛编[白]
變	pien45	变：～化，改～
別	pʰiet045	别：区～
鼈	piet031	鳖：甲鱼
篇	pien213	篇：一～文章
偏	pʰien213	偏：～～，～僻
騙	pʰien45	骗：欺～
便	pʰien21	便：～宜
辨	pʰien45	辨：分～，～别
辯	pʰien45	辩：～论
便	pʰien45	便：方～
別	pʰiet045	别：离～，分～
綿	mien21	绵：海～，～羊
棉	mien21	棉：～花
免	mien213	免：难～，～除
勉	mien51	勉：～强，～励
娩	van51	娩：分～
緬	mien51	缅：～怀；～甸（地名）
面	mien45	面：～子
滅	met045	灭：消～，～亡
碾	ʦan51	碾：～米
連	lien21	连：～长；大～（地名）
聯	lien21	联：～系；对～
列	liet045	列：排～；～宁（人名）
列	liet045	列：两～（两排）[白，量]
烈	liet045	烈：～士，热～
裂	liet045	裂：～开，分～
煎	ʦien213	煎：～药，～鱼
剪	ʦien51	剪：～刀
箭	ʦien45	箭：射～
濺	ʦʰien45	溅：～一身水
遷	ʦʰien213	迁：升～，～怒
淺	ʦʰien51	浅：深～
錢	ʦʰien21	钱：～财
踐	ʦʰien45	践：实～
賤	ʦʰien45	贱：下～，～人
仙	sien213	仙：神～
鮮	sien213	鲜：新～
鮮	sien213	鲜：朝～（国名）
癬	ʦʰien51	癣：发～（生癣）
線	sien45	线：～索
薛	siet031	薛：姓，～宝钗
泄	siet031	泄：～漏，排～
羨	sien45	羡：～慕
展	ʦan51	展：开～，发～
哲	ʦat031	哲：～学
徹	ʦʰat045	彻：～底
撤	ʦʰat045	撤：～退
纏	ʦʰan21	缠：纠～，～线
轍	ʦʰat045	辙：南辕北～；苏～（人名）
氈	ʦan213	毡：羊毛～
戰	ʦan51	战：～斗
顫	ʦʰan451	颤：～抖
折	ʦat031	折：～断，打～
浙	ʦat031	浙：～江（地名）
舌	sat045	舌：舌头
搧	san51	扇：扇扇子，扇耳光[动]
扇	san451	扇：扇子[名]
設	sat031	设：～计，建～
蟬	ʦʰam21	蝉
禪	ʦʰam21	禅：～宗，～师
善	san45	善：～良，心～
膳	san451	膳：～食，用～
單	ʦʰam21	单：姓
禪	ʦʰam21	禅：～让，封～
折	sat045	折：～本（赔本）
然	jian21	然：～后，居～
燃	jian21	燃：～烧
熱	ȵiat045	热：冷～，～情
遣	kʰian51	遣：派～
乾	kʰian21	乾：～坤，～隆
虔	kʰian21	虔：～诚
件	kʰian45	件：事～
傑	kʰiat045	杰：～出
諺	ȵian451	谚：农～，～语
孽	ȵiat031	孽：造～
延	jian21	延：～长，～安
演	jian213	演：～员，表～
建	kian45	建：～设
揭	jiat031	揭：～发，～露
揭	kiat031	揭：～阳（地名）
鍵	kʰian45	键：关～，～盘
腱	kʰian45	腱：肌～
言	ȵian21	言：语～
軒	sian213	轩：人名用字
掀	sian213	掀：～起[文]
掀	sian213	掀：～被[白]
憲	sian51	宪：～法
獻	sian45	献：贡～
歇	siat031	歇：～夜（过夜）
蠍	kiat031	蝎：蝎子，蛇～心肠
堰	jian451	堰：坝，都江～
邊	pien213	边：～疆，旁～
蝙	pien51	蝙：～蝠
扁	pien51	扁：圆扁
匾	pien51	匾：牌～
遍	pien213	遍：三～，～地，普～
片	pʰien51	片：一～，～面
撇	pʰiet031	撇：～捺，～开
蹩	piet031	蹩：跛，～脚
眠	min21	眠：～床（床），安～
麵	mien45	面：～粉
蔑	mat031	蔑：～视
顚	tien213	颠：～倒，～簸
典	tien51	典：～型，词～
天	tʰien213	天：～才
腆	tien51	腆：腼～
鐵	tʰiet031	铁：～皮
田	tʰien21	田：种～
塡	tʰen21	填：～空
電	tʰien45	电：触～，～灯
殿	tien45	殿：宫～
奠	tʰien45	奠：～基
墊	tiam45	垫：～钱，座～
年	ȵian21	年：过～
撚	ȵian51	捻：以指捻碎
捏	ȵiat031	捏：以指尖捏取小面积
憐	lin21	怜：可～[文]
憐	lin21	怜：可～[白]
蓮	lien21	莲：～花，睡～
練	lien45	练：～习，熟～
鍊	lien45	炼：～丹，锻～
链	lien45	链：项～，～条
楝	lien45	楝：苦～树
箋	ʦʰien45	笺：便～，信～
薦	ʦien45	荐：推～
節	ʦiet031	节：～约，竹～
千	ʦʰien213	千：～万
切	ʦʰiet031	切：～菜
前	ʦʰien21	前：从～，～后
截	ʦʰiet045	截：～断
先	sien213	先：祖～，～进，～生
屑	siet031	屑：锯～[白，名]
屑	siet031	屑：不～一顾[文，动]
楔	siap031	楔：～入去（塞进去）[训]
肩	kian213	肩：～头
堅	kian213	坚：～强
繭	kian213	茧：蚕～
見	kian45	见：～人，～识
結	kiat031	结：～婚，～疕[文，动]
結	kiat031	结：打～[白]
潔	kiat031	洁：～白，清～
牽	kʰian213	牵：～牛花
硏	ŋan213	研：～究
硯	jian45	砚：～台
顯	sian51	显：明～
賢	sian21	贤：～惠，圣～
弦	sian21	弦：琴～
現	sian45	现：～在，出～
煙	jian213	烟：冒～
燕	jian45	燕：姓；～京，～山（地名）
燕	jian45	燕：燕子，～窝
嚥	jian213	咽：～喉
宴	jian45	宴：～会
般	pan213	般：～配，一～
搬	pan213	搬：～运
半	pan45	半：一～，～日
絆	pʰan45	绊：～脚石，～马索
鉢	pat031	钵：花～（花盆），衣～
撥	pat031	拨：～款
潘	pʰan213	潘：姓
拚	pʰin213	拼：～命
判	pʰan45	判：～断，审～
潑	pʰat031	泼：～水；泼辣
盤	pʰan21	盘：算～
伴	pʰan45	伴：～随，伙～[文]
伴	pʰan45	伴：做～，冇～[白]
拌	pan45	拌：凉～，搅～
叛	pan51	叛：～徒，背～
瞞	man51	瞒：隐～
饅	man21	馒：～头
鰻	man21	鳗：～鱼
滿	man213	满：～意
漫	man45	漫：～画，～长
末	mat045	末：～尾
沫	mat045	沫：泡～
抹	mat031	抹：～桌，～布
端	tɔn213	端：～正
短	tɔn51	短：长～
斷	tɔn45	断：判～，～案
鍛	tʰɔn45	锻：～炼
掇	tɔt031	掇：端东西，～菜
脫	tʰɔt031	脱：～鞋，摆～
團	tʰɔn21	团：～结，～长
糰	tʰɔn21	团：饭～，面～
斷	tɔn45	断：～绝[文]
斷	tʰɔn213	断：线断了[白]
段	tʰɔn45	段：姓；阶～
緞	tʰɔn45	缎：绸～
奪	tʰɔt045	夺：～取
暖	nɔn213	暖：冷～
鸞	lan21	鸾：～凤
卵	lɔn51	卵：鸡～（鸡蛋），～生
亂	lɔn45	乱：混～
捋	lɔt045	捋：捋袖子
捋	lɔt031	捋：～骨头（啃骨头）
鑽	ʦɔn45	钻：～孔，～山洞[动]
纂	ʦɔn451	纂：编～
攢	ʦan451	攒：积～
鑽	ʦɔn451	钻：电～[名]，～石
撮	ʦɔt031	撮：一～毛
撮	ʦʰɔt031	撮：～人（骗人），～把戏（变魔术）
酸	sɔn213	酸：～甜
算	sɔn45	算：计～
蒜	sɔn45	蒜：大蒜，蒜头
官	kɔn213	官：～司，当～
棺	kɔn213	棺：～材
觀	kɔn213	观：参～，～音
冠	kɔn45	冠：衣～，鸡～花
管	kɔn51	管：～理，气～
館	kɔn51	馆：图书～
貫	kɔn45	贯：一～，～彻
灌	kɔn45	灌：～溉
罐	kɔn45	罐：～头
觀	kɔn213	观：道～
冠	kɔn45	冠：～军
括	kʰuat031	括：包～
寬	kʰɔn213	宽：～松
款	kʰuan51	款：汇～，拨～
闊	fat031	阔：开～
玩	van213	玩：～具，游～
歡	fɔn213	欢：喜～，～喜
喚	fɔn45	唤：呼～
煥	fɔn45	焕：～然一新
豁	fɔ451	豁：～免，～然开朗
桓	sɔŋ21	桓：齐～公
完	van21	完：～全[文]
完	van21	完：用～，食～[白]
丸	jian21	丸：肉～，药～
緩	fɔn45	缓：～慢，迟～
皖	van451	皖：安徽简称，～南事变
換	fɔn45	换：交～[文]
換	fɔn45	换：～水[白]
換	vɔn451	换：金不换[白]
活	fat045	活：生～
豌	vɔn51	豌：～豆
碗	vɔn51	碗：饭～
腕	vɔn51	腕：手～
鰥	ku213	鳏：～寡，～夫
頑	van21	顽：～固，～皮
幻	fam451	幻：科～，～想
滑	vat045	滑：地～，～稽
猾	vat045	猾：狡～
挖	wa213	挖：～掘[文]
挖	wa213	挖：穵[白]
篡	ʦʰɔn451	篡：～位，～改
閂	ʦʰɔn213	闩：～门，门～
拴	sɔn213	拴：拴住（捆绑）
刷	sɔt031	刷：～牙，牙～
關	kuan213	关：～门，海～
慣	kuan451	惯：习～
刮	kuat031	刮：～毛，搜～
還	fan21	还：～原[文]
還	van21	还：～钱[白]
還	han21	还：～有[白]
環	fan21	环：～境
患	fam451	患：～病，忧～
宦	fam451	宦：～官
彎	van213	弯：转～
灣	van213	湾：台～，海～
戀	lien451	恋：～爱
劣	lɔt031	劣：～质，恶～
全	ʦʰiɔn21	全：～部，安～
泉	ʦʰan21	泉：～水，喷～
絕	ʦʰiet045	绝：～对
宣	sien213	宣：～布，～传
選	sien51	选：～择，挑～
雪	siet031	雪：落～（下雪），～白
旋	sien21	旋：～转
轉	ʦɔn51	转：～学，～移，翻～
轉	ʦɔn51	转：～圈
篆	ʦʰɔn45	篆：～体，～书，～刻
傳	ʦʰɔn21	传：～达，流～
傳	ʦʰɔn45	传：～记，自～
專	ʦɔn213	专：～门，大～
磚	ʦɔn213	砖：～头
拙	ʦɔt031	拙：勤能补～
川	ʦʰɔn213	川：四～
穿	ʦʰɔn213	穿：～堂风，揭～
喘	ʦʰɔn51	喘：哮～
串	ʦʰɔn45	串：一～，～通
船	sɔn21	船：轮～
說	sɔt031	说：小～
軟	ȵiɔn213	软：～弱
捲	kian51	卷：～起来[动]
眷	kʰian51	眷：～属
卷	kian51	卷：试～[名]
絹	kian213	绢
圈	kʰian213	圈：圆～，～套
拳	kʰian21	拳：～头
權	kʰian21	权：～利
倦	kʰian51	倦：疲～
圓	jian21	圆：团～
員	jian21	员：人～，～工
院	jian45	院：医～，～长
緣	jian21	缘：～分
沿	jian21	沿：边～，～江路
鉛	jian21	铅：～笔，～球
捐	kian213	捐：～钱
悅	jiat045	悦：愉～
閱	jiat045	阅：～读
藩	fan213	藩：曾国～
反	fan51	反：～对，造～
販	fan45	贩：～毒，小～，～卖
髮	fat031	发：头～
發	fat031	发：～展，～财[文]
發	pɔt031	发：～虫（长虫）[白]
翻	fan213	翻：～书[文]
翻	pʰɔn213	翻：翻转；呕吐[白]
番	fan213	番：三～两次，～薯
番	fɔn213	番：一～被（一床被子）
番	pʰan213	番：～禺（地名）
煩	fan21	烦：麻～
礬	fam21	矾：明～
繁	fan21	繁：～华
飯	fan451	饭：～店[文]
飯	fan451	饭：食～（吃饭）[白]
伐	fat045	伐：讨～，～木工人
筏	fat045	筏：竹～（竹排）
罰	fat045	罚：～款，惩～
晚	van51	晚：～会
挽	van51	挽：～留，手～手
萬	van451	万：～一
蔓	man451	蔓：～延，瓜～
襪	mat031	袜：鞋～
蕨	kiat031	蕨：植物
勸	kʰian451	劝：规～
券	kʰian51	券：国库～，证～
掘	kiat031	掘：挖～
元	ȵian21	元：～旦[文]
元	jian21	元：一～钱[白]
原	ȵian21	原：～来，平～
源	ȵian21	源：～头，来～
阮	ȵiɔn51	阮：姓，～玲玉
願	ȵian45	愿：～望
月	ȵiat045	月：三～
喧	sien213	喧：～哗，～闹
冤	jian213	冤：～枉
怨	jian451	怨：～人，埋～
袁	jian21	袁：姓，～世凯
轅	jian21	辕：轩～
園	jian21	园：菜～，花～
援	jian213	援：～助，支～
遠	jian451	远：永～
越	jiat045	越：～来～好
曰	jiat045	曰：子～
粵	jiat045	粤：～东
決	kiat031	决：～定
訣	kiat031	诀：口～
犬	kʰian51	犬：狂～病
缺	kʰiat031	缺：～点
血	siat031	血：流～
玄	sian21	玄：～妙
懸	sian21	悬：～挂，～崖
縣	jian451	县：～长
眩	sian21	眩：晕眩，～昏
穴	siat045	穴：～位
淵	jian213	渊：深～，～源
吞	tʰun213	吞：～口水
跟	ken213	跟：～从
根	ken213	根：～本，树～
懇	kʰen51	恳：～求，诚～
墾	kʰen51	垦：开～
齦	kʰin21	龈：牙～肉（牙龈）
痕	hen213	痕：～迹
很	hen213	很：～大
恨	hen451	恨：仇～
恩	en213	恩：～人
彬	pin213	彬：文质～～；人名用字
賓	pin213	宾：贵～
檳	pin213	槟：～榔
濱	pin213	滨：哈尔～（地名）
殯	pin213	殡：～仪馆，出～
鬢	pin213	鬓：～角
筆	pit031	笔：毛～，～记
畢	pit031	毕：～业
必	pit031	必：～须
匹	pʰit031	匹：～配
貧	pʰin21	贫：扶～
頻	pʰin21	频：～繁
弼	pʰet031	弼：～马温；任～时
閩	men21	闽：福建简称，～南
民	min21	民：人～，～族
憫	lien21	悯：怜～
敏	men213	敏：灵～
密	met045	密：秘～，～封
蜜	met045	蜜：～蜂
鄰	lin21	邻：～居
鱗	lin213	鳞：鱼～
燐	lin21	磷：～肥
吝	lin45	吝：吝啬
栗	lit045	栗：～子
津	ʦin213	津：天～（地名）
儘	ʦʰin451	尽：～管，～早
進	ʦin45	进：～步，前～
晉	ʦin51	晋：山西简称；魏～南北朝
親	ʦʰin213	亲：～生，父～
親	ʦʰin213	亲：～家
七	ʦʰit031	七：数字
漆	ʦʰit031	漆：油～
秦	ʦʰin21	秦：姓；～国
盡	ʦʰin451	尽：～量，～力，～头
疾	ʦʰit045	疾：残～
辛	sin213	辛：～苦
新	sin213	新：～旧
新	sin213	新：～妇（儿媳妇）
薪	sin213	薪：～水
信	sin451	信：相～
訊	sin451	讯：通～
悉	sit031	悉：熟～
膝	ʦʰit031	膝：～头（膝盖）
珍	ʦən213	珍：～珠
鎭	ʦun51	镇：～长，～压
趁	sun45	趁：～机
陳	ʦʰun21	陈：姓；～列，～皮
塵	ʦʰun21	尘：灰～，～灰
陣	ʦʰun45	阵：～雨
姪	ʦʰət045	侄：～子
秩	ʦʰət031	秩：～序
臻	ʦʰin213	臻：聂荣～
襯	ʦʰun451	衬：～衫
蝨	set031	虱：虱子，～嫲
眞	ʦən213	真：认～，～假
診	ʦun213	诊：急～
疹	ʦun213	疹：麻～
振	ʦun51	振：～动
震	ʦun51	震：地～
質	ʦət031	质：～量，品～
神	sən21	神：～仙，精～
實	sət045	实：老～，～在
身	sən213	身：～体，上～
申	sən213	申：～请；地支，申酉戌亥
伸	sən213	伸：～展，延～[文]
伸	sən213	伸：～手[白]
娠	sən21	娠：妊～反应
失	sət031	失：～去，丧～
室	sət031	室：教～，～内
辰	sən21	辰：时～
晨	sən21	晨：朝～
臣	ʦʰən21	臣：大～
腎	sun45	肾：～病
腎	kʰin213	肾：鸡～（鸡肫）[白]
愼	sun51	慎：谨～，～重
人	ȵin21	人：老～，～民
仁	jin21	仁：～义
忍	ȵiun213	忍：～耐，～受
刃	run451	刃：刀～
認	ȵin451	认：承～，～真
靭	ȵiun451	韧：不易断，坚～[文]
靭	ȵiun451	韧：不易断[白]
日	ȵit031	日：十～，～期
巾	kin213	巾：围～
緊	kin51	紧：～张
吉	kit031	吉：～利
僅	kiun51	仅：～～，不～
銀	ȵiun21	银：金～，～行
釁	sin51	衅：挑～
因	jin213	因：原～
姻	jin213	姻：婚～
印	jin45	印：手～
乙	jiat031	乙：天干，甲乙丙丁
一	jit031	一：数字
寅	jin21	寅：地支，子丑寅卯
引	jin451	引：吸～
逸	jit045	逸：劳～结合
斤	kin213	斤：～两
筋	kin213	筋：牛～丸
謹	kiun51	谨：～慎，严～
勁	kin45	劲：有～，～敌
乞	kʰet031	乞：～食，～求
勤	kʰiun21	勤：～劳
芹	kʰiun21	芹：～菜
近	kʰiun45	近：最～，～来[文]
近	kʰiun45	近：远近[白]
欣	ʃiun213	欣：～赏
殷	jin21	殷：姓；～勤
隱	jiun451	隐：～形，～身
癮	ȵian451	瘾：喜欢；烟～
奔	pun213	奔：～跑，东～西走
本	pun51	本：～来，书～
不	put031	不：～过
噴	pʰun451	喷：～水；～嚏
盆	pʰun21	盆：面～（脸盆），～地
笨	pun451	笨：～蛋[文]
笨	pʰun213	笨：厚[白]
勃	pʰut045	勃，蓬～，生机～～
門	mun21	门：关～
悶	mun51	闷：烦～，～热
沒	mut045	没：沉～，～有，出～
敦	tun213	敦：～厚；伦～（地名）
墩	tun213	墩：桥～
頓	tun51	顿：停～，～脚
褪	tʰui45	褪：～色
屯	tʰun45	屯：～田
豚	tʰun21	豚：海～
囤	tʰun45	囤：～积
沌	tʰun45	沌：混～
盾	tʰun51	盾：矛～
鈍	tʰun45	钝：迟～，～角
遁	tʰun21	遁：逃～
凸	kʰiut031	凸：～起
突	tʰut031	突：～然
突	tʰut031	突：～出
嫩	nun45	嫩：不老
論	lun45	论：～语
崙	lun21	仑：昆～
論	lun45	论：议～，～文
尊	ʦun213	尊：～重
卒	ʦut031	卒：兵～，小～
村	ʦʰun213	村：～长
寸	ʦʰun45	寸：尺～
猝	ʦut031	猝：仓～，～死
存	sun21	存：～在，～折，储～
蹲	tun213	蹲：～马（扎马步）[文]
蹲	ku213	蹲：蹲下[白]
孫	sun21	孙：姓；子～
損	sun51	损：～坏
遜	sun21	逊：～色，谦～
昆	kʰun213	昆：～明，～虫
滾	kun51	滚：～动；水开
棍	kun45	棍：长～
骨	kut031	骨：～头
坤	kʰun213	坤：乾～
綑	kʰun51	捆：～绑
困	kʰun45	困：～难
窟	kʰiut031	窟：～窿[文]
窟	kʰiut031	窟：小坑[白]
昏	fun21	昏：黄～
婚	fun213	婚：结～
忽	fut031	忽：～然
魂	fun21	魂：灵～
渾	fun213	浑：～浊[文]
渾	vun21	浑：水浑[白]
混	fun45	混：～淆，相～
核	het045	核：～心，～对[文]
核	jin21	核：龙眼～[白]
核	hak045	核：～卵（睾丸）[白]
溫	vun213	温：～度，～和
瘟	vun213	瘟：鸡～
穩	vun51	稳：～定，求～
倫	lun21	伦：～理，天～之乐
淪	lun21	沦：沉～
輪	lun21	轮：车～，～流
律	lit045	律：法～，～师
率	lit045	率：效～
遵	ʦun213	遵：～守
俊	ʦun45	俊：英～
筍	ʦun51	笋：竹～
榫	sun51	榫：～头（接合处）
迅	sin51	迅：～速
恤	sit031	恤：体～，抚～
旬	sun21	旬：上～
循	sun21	循：遵～，～环
巡	sun21	巡：～逻，出～
殉	sun21	殉：～职，～情
椿	ʦʰun213	椿：～树，香～
朮	sət045	朮：白～（中药）
率	sʅt031	率：～领
蟀	sət031	蟀：蟋～
準	ʦun51	准：瞄～，～则
准	ʦun51	准：批～，～确
春	ʦʰun213	春：立～
蠢	ʦʰun51	蠢：～才
出	ʦʰut031	出：～入，～发
脣	sun21	唇：嘴～[文]
脣	sun21	唇：嘴～[训，舷]
順	sun451	顺：～利，～风
術	sət045	术：技～
述	sət045	述：叙～
舜	sun451	舜：尧～
純	sun21	纯：单～，～粹
醇	sun21	醇：酒味～
潤	jiun451	润：利～，～色
閏	jiun451	闰：～月
均	kiun213	均：平～，～匀
鈞	kiun213	钧：千～一发
橘	kit031	橘：橘子
菌	kʰiun213	菌：细～
勻	kiun213	匀：均～
允	ȵiun213	允：～许
尹	ji21	尹：姓，～相杰
分	fun213	分：～数，区～[文]
分	pun213	分：给[白]
粉	fun51	粉：～笔，面～[文]
粉	pʰun451	粉：～松[白]
糞	pun45	粪：粪便
奮	fun45	奋：～斗
芬	fun213	芬：～芳
紛	fun213	纷：纠～
彿	fut031	佛：仿～
焚	fun213	焚：～烧
墳	fun21	坟：～墓，上～
憤	fun51	愤：气～，～怒
忿	fun451	忿：～～不平
份	fun451	份：～量
佛	fut045	佛：拜～
文	vun21	文：～章，论～
紋	vun21	纹：花～
蚊	mun213	蚊：～香
聞	vun21	闻：新～
吻	vut031	吻：接～
問	mun451	问：～题
物	vut045	物：～理[文]
物	vut045	物：～件[白]
勿	fut031	勿：非礼～视
君	kiun213	君：～子
軍	kiun213	军：～队，参～
屈	kʰiut031	屈：委～，～服[文]
屈	kʰiut031	屈：委屈，～气[白]
羣	kʰiun21	群：～众
裙	kʰiun21	裙：裙子
郡	kiun213	郡：～主
掘	kʰiut031	掘：挖～
倔	kʰiut031	倔：～强
熏	ʃiun213	熏：～陶，烟～人[文]
熏	ʃiun213	熏：烟～人,～蚊[白]
勳	ʃiun213	勋：～章
薰	ʃiun213	薰：～衣草
葷	fun213	荤：～素
訓	ʃiun45	训：教～，～人
熨	tʰɔŋ45	熨：～斗[训]
云	jiun21	云：古人～
雲	jiun21	云：乌～
韻	jiun45	韵：押～，～律
運	jiun45	运：～气，好～
暈	jin45	晕：～车，头～[训]
幫	pɔŋ213	帮：～忙
榜	pɔŋ51	榜：～样
謗	pɔŋ51	谤：诽～
博	pɔk031	博：～士，广～
滂	pʰɔŋ21	滂：～沱
泊	pʰɔk031	泊：梁山～
旁	pʰɔŋ21	旁：～边
螃	pʰɔŋ21	螃：～蟹
傍	pʰɔŋ45	傍：～晚
薄	pʰɔk045	薄：不厚，～弱
泊	pʰɔk031	泊：停～，淡～
忙	mɔŋ21	忙：农～，～碌
芒	mɔŋ21	芒：～种[节气]
茫	mɔŋ21	茫：白～～，～然
莽	maŋ21	莽：鲁～
蟒	maŋ21	蟒：～蛇
莫	mɔk045	莫：不要，～非
膜	mɔk031	膜：薄～
幕	mɔk031	幕：报～，～布
寞	mɔk031	寞：寂～
摸	mɔ213	摸：偷偷～～[文]
摸	mia213	摸：～来～去[白]
當	tɔŋ213	当：～时，应～，～官
襠	tɔŋ45	裆：裤～
襠	tɔŋ45	裆：裤～[白]
黨	tɔŋ51	党：入～，～员
擋	tɔŋ51	挡：阻～，～风
當	tɔŋ45	当：～铺，恰～；唔～（不如）
檔	tɔŋ45	档：～案
湯	tʰɔŋ213	汤：煮～；姓
倘	sɔŋ45	倘：～使
躺	tʰɔŋ51	躺：平～
燙	tʰɔŋ45	烫：～手
趟	tʰɔŋ51	趟：两～
託	tʰɔk031	托：～词，推～
托	tʰɔk031	托：手承物，～盘
堂	tʰɔŋ21	堂：～兄，拜～，课～
棠	tʰɔŋ21	棠：海～
螳	tʰɔŋ21	螳：～螂
唐	tʰɔŋ21	唐：～朝；姓
糖	tʰɔŋ21	糖：白～
塘	tʰɔŋ21	塘：鱼～
蕩	tʰɔŋ45	荡：放～，扫～
盪	tʰɔŋ45	荡：过水，～嘴，～碗[白]
鐸	tʰɔk045	铎：木铎；人名用字，郑振～
度	tʰu451	度：思～
囊	nɔŋ21	囊：背～
諾	nɔk045	诺：承～，～言
郞	lɔŋ21	郎：新～；姓，～平
廊	lɔŋ21	廊：走～
狼	lɔŋ21	狼：～狈，豺～
螂	lɔŋ21	螂：螳～
朗	lɔŋ451	朗：～诵，明～
浪	lɔŋ451	浪：风～，～费
落	lɔk045	落：下落
烙	lɔk045	烙：～印
駱	lɔk045	骆：～驼
洛	lɔk045	洛：～阳（地名）
絡	lɔk045	络：联～
樂	lɔk045	乐：～观，快～
贓	ʦɔŋ213	赃：～款，贪～枉法
髒	ʦɔŋ213	脏：肮～
葬	ʦɔŋ451	葬：埋～，落～
作	ʦɔk031	作：工～，种～
倉	ʦʰɔŋ213	仓：～库
蒼	ʦʰɔŋ213	苍：～白
錯	ʦʰɔ451	错：～开，～杂
藏	ʦʰɔŋ21	藏：隐～
藏	ʦʰɔŋ451	藏：西～，～族
臟	ʦɔŋ451	脏：内～
鑿	ʦʰɔk045	凿：用凿子凿
昨	ʦʰɔk045	昨：昨天
桑	sɔŋ213	桑：～叶
喪	sɔŋ51	丧：婚～，～事
嗓	sɔŋ213	嗓：金～子
喪	sɔŋ51	丧：～失
索	sɔk031	索：绳子，线～
岡	kɔŋ213	冈：井～山（地名）
崗	kɔŋ213	岗：站～，～位
剛	kɔŋ213	刚：～才，～好
綱	kɔŋ213	纲：～常，大～
鋼	kɔŋ451	钢：炼～，～笔
缸	kɔŋ213	缸：水～
杠	kɔŋ213	杠：高低～
各	kɔk031	各：～人
閣	kɔk031	阁：～楼；～下
擱	kɔk031	搁：耽～
康	kʰɔŋ213	康：健～
糠	hɔŋ213	糠：谷～
慷	kʰɔŋ213	慷：～慨
抗	kʰɔŋ45	抗：反～，～战
囥	piaŋ45	囥：藏
昂	ŋɔŋ51	昂：～首挺胸，气～～
鄂	ŋɔk045	鄂：湖北简称
鰐	ŋɔk045	鳄：～鱼
行	hɔŋ21	行：银～
航	hɔŋ21	航：～行，～线
杭	hɔŋ21	杭：～州
鶴	hɔk045	鹤：仙～
骯	ɔŋ213	肮： ～脏
惡	ɔk031	恶：善～，～霸
娘	ȵiɔŋ21	娘：姑～
釀	ȵiɔŋ451	酿：～豆腐[训]
良	liɔŋ21	良：～好，优～
凉	liɔŋ21	凉：天～
量	liɔŋ21	量：衡～，～尺寸
糧	liɔŋ21	粮：～食
樑	liɔŋ21	梁：姓；～山（地名）
粱	liɔŋ21	粱：高～，黄～美梦
兩	liɔŋ51	两：～个
兩	liɔŋ213	两：半斤八～
亮	liɔŋ45	亮：明～
諒	liɔŋ45	谅：原～，～解
輛	liɔŋ21	辆：车～，两～
量	liɔŋ45	量：数～
略	liɔk045	略：省～
掠	liɔk045	掠：～夺
將	ʦiɔŋ213	将：～来；～军
漿	ʦiɔŋ213	浆：豆～，～糊
蔣	ʦiɔŋ51	蒋：姓，～介石
獎	ʦiɔŋ51	奖：～金，得～
槳	ʦiɔŋ51	桨：船～
醬	ʦiɔŋ45	酱：沙茶～，辣椒～
將	ʦiɔŋ213	将：大～，～士
爵	ʦiɔk031	爵：官～，～位
雀	ʦiɔk031	雀：麻～，～斑
槍	ʦʰiɔŋ213	枪：手～
搶	ʦʰiɔŋ51	抢：～劫
鵲	siak031	鹊：喜～，鸦～
牆	ʦʰiɔŋ21	墙：～壁
匠	siɔŋ451	匠：木～
嚼	ʦiɔk031	嚼：咀～，～碎
相	siɔŋ213	相：互～，～打（打架）
箱	siɔŋ213	箱：皮～
廂	siɔŋ213	厢：～房，车～
湘	siɔŋ213	湘：湖南简称，～江
襄	siɔŋ213	襄：～阳（地名）
鑲	siɔŋ213	镶：～牙
想	siɔŋ51	想：～法，思～
相	siɔŋ45	相：宰～，看～，～貌
削	siɔk031	削：～皮，剥～
詳	siɔŋ21	详：～细
祥	siɔŋ21	祥：慈～，吉～
象	siɔŋ45	象：气～
象	siɔŋ45	象：大～
象	siɔŋ45	象：印～，想～
像	siɔŋ45	像：好～，相～
像	siɔŋ45	像：头～，～章
橡	siɔŋ45	橡：～胶，～树
張	ʦɔŋ213	张：紧～；姓；装东西
長	ʦɔŋ51	长：生～，省～
漲	ʦɔŋ45	涨：～价，～潮
帳	ʦɔŋ451	帐：蚊～
賬	ʦɔŋ451	账：算～，～簿
脹	ʦɔŋ451	胀：～肚，膨～
着	ʦɔk031	着：～衫（穿衣服）
暢	ʦʰɔŋ51	畅：～快，通～
長	ʦʰɔŋ21	长：～期，～短
腸	ʦʰɔŋ21	肠：猪～，～胃
場	ʦʰɔŋ21	场：排～，～地
丈	ʦʰɔŋ45	丈：三丈
丈	ʦʰɔŋ213	丈：姑～
仗	ʦɔŋ45	仗：打～；炮～（鞭炮）
杖	ʦɔŋ45	杖：拐～
着	ʦʰɔk045	着：～火
莊	ʦɔŋ213	庄：～园；姓
裝	ʦɔŋ213	装：假～
妝	ʦɔŋ213	妆：化～
壯	ʦɔŋ451	壮：强～
瘡	ʦʰɔŋ213	疮：痔～
闖	ʦʰɔŋ451	闯：～祸，李～王
創	ʦʰɔŋ51	创：开～，～造
牀	ʦʰɔŋ21	床：眠～
狀	ʦʰɔŋ451	状：告～，～元，～态
霜	sɔŋ213	霜：落～，～降
孀	sɔŋ213	孀：遗～
爽	sɔŋ51	爽：～快，直～
章	ʦɔŋ213	章：姓；文～
樟	ʦɔŋ213	樟：～脑丸；～木头（地名）
掌	ʦɔŋ51	掌：巴～，～握
障	ʦɔŋ45	障：保～
瘴	ʦɔŋ451	瘴：～气
嶂	ʦɔŋ213	嶂：耸立如屏障的山峰
酌	ʦɔk031	酌：斟～，～情
昌	ʦʰɔŋ213	昌：～盛
菖	ʦʰɔŋ213	菖：～蒲
廠	ʦʰɔŋ51	厂：～长
唱	ʦʰɔŋ45	唱：～歌
倡	ʦʰɔŋ213	倡：提～
綽	sɔk031	绰：～～有余，～号
商	sɔŋ213	商：～量，经～
傷	sɔŋ213	伤：受～
賞	sɔŋ51	赏：欣～，～金
餉	siɔŋ51	饷：军～
常	sɔŋ21	常：经～，～识；姓
嘗	ʦʰɔŋ21	尝：～试，品～
償	sɔŋ51	偿：赔～
上	sɔŋ213	上：～山[动]
上	sɔŋ213	上：安上，～灯，～灯泡
尙	sɔŋ45	尚：和～，高～
上	sɔŋ213	上：～背[方位]；～海（地名）
上	hɔŋ45	上：桌～，床～
勺	sɔk045	勺：饭～
芍	sɔk045	芍：～药；白～（中药）
瓤	nɔŋ21	瓤：瓜～
壤	jiɔŋ45	壤：土～
讓	jiɔŋ45	让：～位
若	jiɔk045	若：～干，～无其事
弱	ȵiɔk045	弱：～点
疆	kiɔŋ213	疆：新～（地名）
僵	kiɔŋ213	僵：冻～，～硬
薑	kiɔŋ213	姜：～糖
繮	kiɔŋ213	缰：～绳
姜	kiɔŋ213	姜：姓，孟～女，～太公
腳	kiɔk031	脚：赤～
強	kʰiɔŋ21	强：～大，坚～
強	kiɔŋ51	强：勉～
卻	kʰiɔk031	却：退～，～步
仰	ŋɔŋ51	仰：～视
虐	ȵiɔk031	虐：～待
瘧	li451	疟：～疾
香	siɔŋ213	香：～味，烧～；～港（地名）
鄕	siɔŋ213	乡：家～
享	ʃiɔŋ51	享：～受，分～
響	ʃiɔŋ51	响：音～
向	siɔŋ45	向：～东
央	jiɔŋ213	央：中～台，党中～[文]
央	jiɔŋ213	央：中～（中间）[白]
秧	jiɔŋ213	秧：插～，～苗
殃	jiɔŋ213	殃：遭～，～及
約	jiɔk031	约：大～，～会
羊	jiɔŋ21	羊
洋	jiɔŋ21	洋：太平～
楊	jiɔŋ21	杨：姓；～树
陽	jiɔŋ21	阳：太～；揭～（地名）
揚	jiɔŋ21	扬：表～，发～
瘍	jiɔŋ21	疡：溃～
養	jiɔŋ213	养：培～，～猪
癢	jiɔŋ213	痒：皮肤痒
樣	jiɔŋ45	样：一～
樣	ȵiɔŋ45	样：～般
藥	jiɔk045	药：中～，～片
躍	jiɔk031	跃：跳～，大～进
光	kɔŋ213	光：阳～，～明
廣	kɔŋ51	广：推～；～东（地名）
桄	kɔŋ213	桄：桌椅等腿间的横木
郭	kɔk031	郭：姓，～靖
曠	kʰɔŋ51	旷：空～，～课
廓	kɔk031	廓：轮～
擴	kʰɔŋ51	扩：～充，～大
荒	fɔŋ213	荒：开～，～唐
慌	fɔŋ213	慌：～张，心～
謊	fɔŋ213	谎：说～
霍	vɔk031	霍：姓；～乱
藿	vɔk031	藿：～香（中药）
黃	vɔŋ21	黄：姓；～色
簧	vɔŋ21	簧：弹～
皇	fɔŋ21	皇：～帝
蝗	fɔŋ21	蝗：～虫
凰	fɔŋ21	凰：凤～
晃	fɔŋ51	晃：摇～，～动
晃	fɔŋ51	晃：～光
鑊	vɔk045	镬：锅
汪	vɔŋ213	汪：姓，～洋
方	fɔŋ213	方：地～，大～
肪	fam21	肪：脂～
倣	fɔŋ51	仿：～效
放	fɔŋ45	放：解～，～心[文]
放	fɔŋ451	放：～手[白]
芳	fɔŋ213	芳：～香
妨	fɔŋ21	妨：～碍
紡	fɔŋ51	纺：～织
仿	fɔŋ51	仿：～照，相～
彷	fɔŋ51	彷：～佛
訪	fɔŋ51	访：采～，～问
房	fɔŋ21	房：～间
房	fɔŋ21	房：姓，～玄龄
防	fɔŋ21	防：～止，国～
亡	mɔŋ21	亡：死～
芒	mɔŋ21	芒：～果
芒	mɔŋ21	芒：～花草（可制扫帚）
網	miɔŋ451	网：鱼～，～络
忘	mɔŋ21	忘：～记，遗～[文]
忘	mɔŋ451	忘：～记，遗～[白]
忘	mɔŋ451	忘：添～（忘记）[白]
妄	vɔŋ451	妄：狂～，痴心～想
望	vɔŋ45	望：失～
縛	fu451	缚：束～
钁	kiɔk031	钁：锄头，～锄，～头
匡	kʰiɔŋ213	匡：～扶正义；赵～胤（人名）
筐	kʰiɔŋ213	筐：箩～，两～[文]
筐	kʰiɔŋ213	筐：两～[白]
眶	kʰɔŋ213	眶：眼眶
狂	kʰɔŋ21	狂：发～
況	kʰɔŋ51	况：情～，～且
枉	vɔŋ451	枉：冤～
王	vɔŋ21	王：姓；大～
往	vɔŋ213	往：来～，～日
旺	vɔŋ45	旺：兴～
邦	paŋ213	邦：～国；刘～（人名）
綁	pɔŋ51	绑：捆～
剝	pɔk031	剥：～削，～皮
駁	pɔk031	驳：反～
胖	pʰan451	胖：～子，肥～
樸	pʰɔk031	朴：～素
龐	pʰaŋ21	庞：～大；姓，～太师
棒	pɔŋ45	棒：棍～，～打鸳鸯
雹	pau213	雹：冰～
樁	ʦɔŋ213	桩：打～
桌	ʦɔk031	桌：书～
卓	ʦɔk031	卓：～越；姓，～别林
琢	ʦɔk031	琢：～磨，雕～
啄	tɔk031	啄：～木鸟，鸡～米
撞	ʦʰɔŋ45	撞：～人
濁	ʦʰuk045	浊：浑～
捉	ʦɔk031	捉：捕～，～棋（下棋）
窗	ʦʰuŋ213	窗：门～，～帘
鐲	ak031	镯：手～
雙	suŋ213	双：一～鞋
朔	sɔk031	朔：每月初一，～望
江	kɔŋ213	江：长～，～湖
扛	kɔŋ213	扛：肩扛，双手抬
講	kɔŋ51	讲：～话
港	kɔŋ51	港：～口；香～（地名）
降	kɔŋ45	降：下～，～低
虹	fuŋ21	虹：彩～
覺	kɔk031	觉：～得，知～
角	kɔk031	角：牛～，～色
餃	kiau21	饺：饺子，水～
腔	kʰɔŋ213	腔：口～
確	kʰɔk031	确：～定，的～
殼	hɔk031	壳：贝～
嶽	ŋɔk045	岳：五～
岳	ŋɔk045	岳：姓，～飞
樂	lɔk045	乐：音～
降	hɔŋ21	降：投～
項	hɔŋ45	项：～链；姓，～羽
巷	hɔŋ45	巷：巷子，两条～
學	hɔk045	学：数～，～习
握	vɔk031	握：～手，把～
崩	pen213	崩：倒塌，山～，～溃
北	pet031	北：东南西北
朋	pʰen21	朋：～友
墨	met045	墨：～水
默	met045	默：沉～，～写
登	ten213	登：～山，攀～
燈	ten213	灯：～光
等	ten51	等：～人，高～
凳	ten45	凳：凳子
得	tet031	得：获～，～意
德	tet031	德：品～；～国（国名）
騰	tʰen21	腾：奔～
藤	tʰen21	藤：～椅
疼	tʰuŋ45	疼：疼痛
鄧	tʰen45	邓：姓，～小平
特	tʰit045	特：～别
能	nen21	能：才～，～够
肋	lit045	肋：～骨
勒	let045	勒：～索
曾	ʦen213	曾：姓
增	ʦen45	增：～加
憎	ʦen45	憎：～恨
則	ʦet031	则：否～，规～
蹭	ʦʰen213	蹭：磨～
曾	ʦʰen21	曾：～经
層	ʦʰen21	层：～次
贈	ʦen45	赠：～送
賊	ʦʰet045	贼：做～
僧	sen213	僧：唐～，沙～
僧	sen213	僧：～人
塞	set031	塞：堵～，～车
肯	kʰen51	肯：～定，中～[文]
肯	kʰen51	肯：愿意，～去[白]
刻	het045	刻：时～ ，～画[文]
刻	het045	刻：～字[白]
克	kʰet031	克：～服，攻～
黑	het031	黑：～白
恆	sɔŋ21	恒：～心，永～
冰	pen213	冰：结～，～箱
憑	pʰin21	凭：文～，～借[文]
憑	pen45	凭：倚靠，～墙[白]
匿	nit045	匿：～名信
陵	lin21	陵：中山～
淩	lin21	凌：冰淇～，壮志～云
菱	lin21	菱：～角
力	lit045	力：大～，～量
卽	ʦit031	即：～时，立～
鯽	ʦit031	鲫：～鱼
息	sit031	息：休～[文]
息	sit031	息：子息，孙～[白]
熄	sit031	熄：～火
媳	sit031	媳：～妇，婆～
徵	ʦən213	征：～求
澄	ʦʰun21	澄：～清[文]
澄	ten51	澄：水浑，澄一澄[白]
澄	ʦʰun21	澄：～海（地名）[白]
懲	ʦən51	惩：～罚，严～
橙	ʦʰaŋ21	橙：橙子
瞪	ten213	瞪：瞪眼，目～口呆[文]
瞪	kuan51	瞪：瞪眼[白]
直	ʦʰət045	直：～接
値	ʦʰət045	值：价～，～日
側	ʦet031	侧：～面
測	ʦʰet031	测：～量，观～
色	set031	色：颜～，～彩
嗇	sit031	啬：吝啬
蒸	ʦən213	蒸：清～，～发
拯	ʦun51	拯：～救；包～（人名）
證	ʦun45	证：～明
症	ʦun45	症：～状
織	ʦʅt031	织：纺～，～布
職	ʦət031	职：～位，称～
稱	ʦʰən213	称：～心如意，对～
稱	ʦʰən213	称：～呼
秤	ʦʰun45	秤：用以称物，～砣
乘	sən45	乘：～机，～车
乘	sən213	乘：加减乘除
繩	sən21	绳：～之以法
塍	sən21	塍：田～
剩	sun451	剩：～下，～余
食	sət045	食：粮～；吃
蝕	sat045	蚀：腐～
升	sən213	升：～级
勝	sən451	胜：～任
勝	sən451	胜：～利，战～
識	sət031	识：相～，～字
式	sət031	式：～样，公～
飾	sət031	饰：装～
承	sən21	承：～担，继～
丞	ʦai51	丞：～相
殖	ʦʰət045	殖：繁～
植	ʦʰət045	植：～物
仍	jin21	仍：～然
極	kʰit045	极：南～
凝	ȵin21	凝：～聚，～结
凝	ȵien21	凝：凝固，～油[训]
凝	kʰen45	凝：冰霜，霜～[训]
興	sin213	兴：～旺；绍～（地名）
興	sin213	兴：高～，～趣[文]
興	sin451	兴：高兴[白]
應	jin45	应：～当，～该
應	jin45	应：～用，响～
鷹	jin213	鹰：老～
憶	jit031	忆：回～
億	i45	亿：十～
抑	jit045	抑：～制，压～
蠅	jin21	蝇：乌～（苍蝇）
孕	jin451	孕：怀～，～妇
翼	jit045	翼：鸡～，机～
國	kuet031	国：～家，中～
弘	fuŋ21	弘：～扬
或	fet045	或：～者
惑	fet045	惑：迷～
域	vet031	域：领～，地～
百	pak031	百：～姓
柏	pak031	柏：松～，～树；～林（地名）
伯	pak031	伯：大～
迫	pet031	迫：压～，～害[训]
烹	pien213	烹：～调
拍	pʰɔk031	拍：～片，～球
珀	pʰɔk031	珀：琥～
魄	pʰak031	魄：魂～，气～
彭	pʰaŋ21	彭：姓，～德怀
膨	pʰaŋ21	膨：～胀
白	pʰak045	白：～色
盲	maŋ21	盲：文～，～目
虻	mɔŋ21	虻：牛～
猛	maŋ213	猛：～烈，凶～
孟	men45	孟：姓，～姜女
?	mak045	?：大力打
陌	met031	陌：～生人
打	ta51	打：～针
冷	laŋ213	冷：～热，～清
撐	ʦʰaŋ45	撑：支～，～开
拆	ʦʰak031	拆：～开
澤	ʦʰet045	泽：毛～东（人名）
擇	ʦʰet045	择：选～[文]
擇	tʰɔk045	择：～菜[白]
宅	ʦai213	宅：住～
窄	ʦa45	窄：狭～
生	sen213	生：学～，～活[文]
生	saŋ213	生：与“死”相对[白]
牲	sen213	牲：牺～[文]
牲	saŋ213	牲：头～[白]
甥	saŋ213	甥：外～
省	sen51	省：～长，节～[文]
省	kʰiaŋ45	省：节省，～钱[白]
更	ken451	更：～换，～衣
更	kaŋ213	更：五～
庚	kaŋ213	庚：天干，庚辛壬癸
羹	kaŋ213	羹：调～；米糊
哽	kaŋ51	哽：哽住，骨头～到
梗	kaŋ51	梗：心肌～塞[文]
梗	kuaŋ51	梗：茎，菜～[白]
更	ken451	更：～加
格	kak031	格：～式；还珠～～[文]
格	kak031	格：空～，三～[白]
坑	haŋ213	坑：水～，～沟
客	kʰak031	客：请～
硬	ŋaŋ45	硬：软～
額	ȵiak031	额：名～
亨	hen213	亨：～通；～特（人名）
赫	hɔ451	赫：～～有名，显～
嚇	hak031	吓：～一跳
行	haŋ21	行：～为；行走
衡	fen21	衡：～量，平～
杏	hen45	杏：～仁
行	haŋ21	行：品～
浜	paŋ213	浜：沙家～
擘	pak031	擘：用手分开，～开
棚	pʰaŋ21	棚：楼～，瓜～
萌	men21	萌：～芽
氓	maŋ21	氓：流～
麥	mak045	麦：小～，～芽糖
脈	mak031	脉：～搏，把～
摘	ʦak031	摘：～菜
爭	ʦen213	争：～取，斗～[文]
爭	ʦaŋ213	争：相～，～唔多（差不多）[白]
箏	ʦen213	筝：风～
睜	ʦen213	睁：～眼
責	ʦit031	责：～任，负～
策	ʦʰet031	策：～划，政～
冊	ʦʰak031	册：两～，～封
耕	kaŋ213	耕：～田
耿	kuen51	耿：忠心～～；姓，～精忠
革	ket031	革：～命，改～
隔	kak031	隔：～壁
莖	kin213	茎：根；莲～
幸	hen45	幸：荣～，～福
鶯	jin21	莺：黄～，夜～
鸚	jin21	鹦：～鹉
櫻	jin213	樱：～桃
扼	ak031	扼：～杀，～制
軛	ak031	轭：牛～（牛耕田时套的人字形工具）
兵	pin213	兵：当～
丙	piaŋ51	丙：天干，甲乙丙丁
秉	pin51	秉：～持，～公办事
柄	piaŋ45	柄：刀～，把～
碧	pit031	碧：～玉，～绿
平	pʰin21	平：和～，～时[文]
平	pʰiaŋ21	平：～头，～地[白]
坪	pʰiaŋ21	坪：草～
評	pʰin21	评：批～，～论
病	pʰiaŋ45	病：～人
鳴	min21	鸣：～叫
明	min21	明：～白，清～[文]
明	min21	明：清～[白]
盟	men21	盟：同～，～友
皿	men213	皿：器～
命	min451	命：～令[文]
命	miaŋ451	命：～运，算～[白]
京	kin213	京：北～，～剧
荊	kin213	荆：～州（地名）[文]
荊	kiaŋ213	荆：布～子（中药）[白]
驚	kiaŋ213	惊：害怕；～蛰
境	kin451	境：环～，～界
景	kin51	景：～色，风～
警	kin51	警：～察，报～
敬	kin451	敬：尊～，～酒
竟	kin451	竟：～然
鏡	kiaŋ451	镜：镜子
卿	kʰin213	卿：～家；人名用字
慶	kʰin451	庆：～祝
擎	kʰiaŋ21	擎：举起，～旗
鯨	kin213	鲸：～鱼
競	kin451	竞：～争，～赛
劇	kʰiak031	剧：～烈，京～[文]
劇	kiak031	剧：快[白]
屐	kʰiak045	屐：木～
迎	ȵiaŋ21	迎：～接，欢～
逆	ȵiak045	逆：～风
英	jin213	英：～雄；～国（国名）
影	jiaŋ51	影：电～
映	jiaŋ51	映：反～
餠	piaŋ51	饼：～干
倂	pin45	并：合～
璧	piak031	璧：美玉，珠联～合
聘	pʰin51	聘：～请，特～
僻	pʰit031	僻：偏～，～静
闢	pʰit031	辟：开～，复～
名	miaŋ21	名：姓～
領	liaŋ213	领：～导，衫～（衣领）
嶺	liaŋ51	岭：～南[文]
嶺	liaŋ51	岭：～岗[白]
令	lin51	令：命～，口～
精	ʦin213	精：～神
晶	ʦin213	晶：水～
睛	ʦin213	睛：眼～
井	ʦiaŋ51	井：～水，～～有条
積	ʦit031	积：～极，累～
跡	ʦit031	迹：～象，痕～[文]
跡	ʦiak031	迹：脚～，油～[白]
脊	ʦit031	脊：～椎，背～
淸	ʦʰin213	清：～楚，～水[文]
淸	ʦʰin213	清：～明[白]
請	ʦʰiaŋ51	请：～人，邀～
情	ʦʰin21	情：感～，～节[文]
情	ʦʰin21	情：亲～（亲戚）[白]
晴	ʦʰiaŋ21	晴：天～
靜	ʦʰin45	静：安～
靖	ʦʰin451	靖：李～（人名）
淨	ʦʰiaŋ451	净：干～
籍	sit045	籍：祖～，～贯
藉	sit045	藉：狼～
省	sen51	省：反～
性	sin451	性：～别，天～
姓	siaŋ451	姓：～名
惜	siak031	惜：疼爱[白]
惜	sit031	惜：可～，珍～[文]
昔	sit031	昔：～日，今～
席	sit045	席：酒～，主～
蓆	ʦʰiak045	席：草～
夕	sit045	夕：～阳
貞	ʦən213	贞：～节
偵	ʦən213	侦：～察，刑～
逞	ʦʰun51	逞：～能，得～
呈	ʦʰən21	呈：～现，辞～
程	ʦʰən21	程：～度，路～[文]
程	ʦʰən21	程：姓[白]
鄭	ʦʰaŋ451	郑：～重；姓
正	ʦaŋ213	正：～月
征	ʦən213	征：长～，特～
整	ʦun51	整：～体，完～[文]
整	ʦaŋ51	整：修理，～车[白]
正	ʦən451	正：立～，～直[文]
正	ʦaŋ451	正：～好，～来[白]
政	ʦun451	政：行～，～治
隻	ʦak031	只：两～
炙	ʦak031	炙：烤火，～火
赤	ʦʰak031	赤：～色，～脚
斥	ʦʰət031	斥：排～，～责
尺	ʦʰak031	尺：～寸
射	sa45	射：～箭，发～
聲	saŋ213	声：～音，笑～
聖	sun451	圣：神～，～水
適	sut031	适：～应，合～
釋	sut031	释：解～
成	sun21	成：～功，完～[文]
成	saŋ21	成：两～[白]
成	saŋ21	成：事成，做～[白]
城	saŋ21	城：～市，县～
誠	ʦʰən21	诚：真～，～实
盛	sun45	盛：兴～，茂～
石	sak045	石：～头，～榴
頸	kiaŋ51	颈：脖子
輕	kʰiaŋ213	轻：年～，～松[文]
輕	kʰiaŋ213	轻：不重；年～，～松[白]
嬰	jin213	婴：～儿
纓	jin213	缨：红～枪
益	jit031	益：得～，有～
盈	jin21	盈：～利，～亏
贏	jiaŋ21	赢：～输
亦	jit045	亦：～可以
譯	jit045	译：翻～
易	ji45	易：交～，贸～
液	jit045	液：～体，输～
腋	jit045	腋：～下
壁	piak031	壁：墙～
拼	pʰin213	拼：～音
劈	pʰit031	劈：～开，用刀～，雷～
霹	pʰit031	霹：～雳舞
甁	pʰin21	瓶：热水～
屛	pʰin21	屏：～风，～障
萍	pʰin21	萍：薸[训]
萍	pʰin21	萍：～水相逢；人名用字
並	pin45	并：～且，～排
銘	men21	铭：～文，～刻
覓	met031	觅：寻～
丁	ten213	丁：天干；姓
釘	taŋ213	钉：铁～[名]
頂	taŋ51	顶：山～[白]
頂	tin51	顶：～唔得（顶不住）[文]
鼎	tin51	鼎：～盛
釘	taŋ213	钉：～铁钉[动]
訂	taŋ213	订：预～，～房间
的	tit031	的：目～，～确
滴	tit031	滴：～水，两～
嫡	tit031	嫡：～系，～亲，～子
聽	tʰaŋ213	听：～话
廳	tʰaŋ213	厅：客～，～长
汀	tin45	汀：长～，～江（地名）
聽	tʰaŋ213	听：听任，～佢（随他）
踢	tʰet031	踢：～球
剔	tʰit031	剔：挑～
亭	tʰin21	亭：凉～
停	tʰin21	停：～止
廷	tʰin21	廷：朝～
庭	tʰin21	庭：家～，～院
蜓	tʰin21	蜓：蜻～
艇	tʰiaŋ51	艇：快～，潜～
挺	tʰin51	挺：坚～，叶～[文]
挺	tʰin51	挺：～起来[白]
定	tʰin45	定：稳～；永～（地名）
笛	tʰak045	笛：笛子
敵	tʰit045	敌：～人
狄	kuen51	狄：姓，～青
糴	tʰak045	籴：～米（买米）
寧	nen21	宁：安～；～波（地名）
寧	nen21	宁：～可
溺	ȵit045	溺：～爱，～死
靈	lin21	灵：～活
零	laŋ21	零：十～个，～头
鈴	laŋ21	铃：～声，风～
伶	lin21	伶：聪明～俐[文]
伶	lin21	伶：～俐（干净）[白]
翎	lin21	翎：～毛，顶上花～
另	laŋ451	另：～外
歷	lit045	历：～史，经～
曆	lat045	历：日～，～书
績	ʦit031	绩：成～
靑	ʦʰiaŋ213	青：～色，～年
蜻	ʦʰiaŋ213	蜻：～蜓
戚	ʦʰit031	戚：亲～；姓，～继光
寂	ʦʰit031	寂：～寞
星	sen213	星：火～，～～[文]
星	sen213	星：～夜[白]
腥	siaŋ213	腥：～味[文]
腥	siaŋ213	腥：菜腥味，臭～[白]
腥	siaŋ213	腥：～味，臭镬～[白]
猩	siaŋ213	猩：大～～
醒	siaŋ51	醒：清～，～过来
錫	siak031	锡：～纸；无～（地名）
析	sit031	析：分～[文]
析	sit031	析：量词，一～（一片）[白]
經	kin213	经：念～，～济[文]
徑	kaŋ45	径：半～
經	kin213	经：～纬，～线[文]
經	kin213	经：～丝（蜘蛛织网）[白]
經	kaŋ45	经：～开；绊倒[白]
擊	kit031	击：～中，打～
激	kit031	激：～动
馨	sin213	馨：温～
形	sin21	形：～状，地～
型	sin21	型：～号，类～
刑	sin21	刑：判～，～法
礦	kɔŋ45	矿：煤～，～工
橫	vaŋ21	横：～直
橫	vaŋ21	横：蛮～[文]
橫	vaŋ451	横：猛摔[白]
轟	vuŋ21	轰：～炸
宏	fen21	宏：～大
獲	fet045	获：收～
獲	fet045	获：～奖
劃	vak045	划：计～，～线
兄	siuŋ213	兄：～弟
榮	jiuŋ21	荣：光～，～誉
永	jiun451	永：～远
泳	jiun451	泳：游～
詠	jiun451	咏：歌～
傾	kʰen213	倾：～向，左～
頃	kʰen51	顷：千～，～刻
瓊	kʰiun21	琼：～楼；人名用字
營	jin21	营：国～，～养[文]
營	jiaŋ21	营：～长[白]
穎	jin451	颖：新～；邓～超（人名）
疫	jit045	疫：～苗，防～站
役	jit045	役：战～
螢	jin21	萤：～火虫
卜	puk031	卜：占～；姓
卜	pʰiet045	卜：萝～
撲	pʰɔk031	扑：反～，～灭
仆	pʰuk045	仆：倒下
篷	pʰuŋ21	篷：帐～
蓬	pʰuŋ21	蓬：～勃；～莱（地名）
僕	pʰuk031	仆：奴～，～人
曝	pʰau45	曝：～光，一～十寒
瀑	puk031	瀑：～布
蒙	muŋ21	蒙：～蔽，天～～，～古（地名）
懵	muŋ51	懵：～懂
木	muk031	木：～工
東	tuŋ213	东：东南西北
董	tuŋ51	董：古～；姓，～存瑞
懂	tuŋ51	懂：懵～，唔懂（不懂）
凍	tuŋ45	冻：冰～，～伤
棟	tuŋ45	栋：～梁；两～
通	tʰuŋ213	通：～过，～风，打～
桶	tʰuŋ51	桶：水～
捅	luŋ45	捅：～破
痛	tʰuŋ45	痛：～苦
禿	tʰun213	秃：～头
同	tʰuŋ21	同：相～，～学
銅	tʰuŋ21	铜：金银～铁
桐	tʰuŋ21	桐：～油，梧～
筒	tʰuŋ21	筒：电～，话～
童	tʰuŋ21	童：～年，儿～
瞳	tʰuŋ21	瞳：～孔
動	tʰuŋ451	动：～作[文]
動	luŋ451	动：～来～去[白]
洞	tʰuŋ451	洞：山～，～察
獨	tʰuk045	独：单～，～立
讀	tʰuk045	读：～书，阅～
籠	luŋ213	笼：鸟～，～罩
聾	luŋ213	聋：耳～
攏	luŋ213	拢：靠～，～总（一共）
弄	luŋ51	弄：玩～
鹿	luk045	鹿：～角，梅花～
椶	ʦuŋ213	棕：～树，～色
鬃	ʦuŋ213	鬃：马～，猪～
總	ʦuŋ51	总：～共，汇～
糉	ʦuŋ451	粽：粽子
聰	ʦʰuŋ213	聪：～明
蔥	ʦʰuŋ451	葱
囪	ʦʰuŋ213	囱：烟～
叢	ʦʰiuŋ21	丛：草～，～书
族	ʦʰuk045	族：～长，民～
送	suŋ451	送：～人
速	suk031	速：～度
公	kuŋ213	公：～安，办～
蚣	kuŋ213	蚣：蜈～
工	kuŋ213	工：～人，打～
功	kuŋ213	功：～夫，成～
攻	kuŋ213	攻：～击，进～
貢	kuŋ451	贡：～献
穀	kuk031	谷：五～
谷	kuk031	谷：山～
空	kʰuŋ213	空：～虚，天～
空	kʰuŋ451	空：～缺
孔	kʰuŋ451	孔：钻～；姓，～子
控	kʰuŋ45	控：～制
哭	kʰuk031	哭：～泣
烘	fuŋ21	烘：～干
哄	fuŋ21	哄：～骗
紅	fuŋ21	红：～色
洪	fuŋ21	洪：～水；姓，～秀全
鴻	fuŋ21	鸿：大展～图
汞	kuŋ21	汞：水银，～柱
斛	kɔk031	斛：石～（中药）
翁	vuŋ213	翁：白头～；姓
甕	vuŋ451	瓮：小口大肚陶器
屋	vuk031	屋：老～
冬	tuŋ213	冬：过～，～节（冬至）
督	tuk031	督：～促，监～
統	tʰuŋ51	统：～一，总～
毒	tʰuk045	毒：中～，～药
農	nuŋ21	农：～村
膿	nuŋ21	脓：化～
宗	ʦuŋ213	宗：祖～，～教
綜	ʦuŋ213	综：～合；织布机上的综
鬆	suŋ213	松：轻～，放～
宋	suŋ451	宋：～朝；姓，～美龄
酷	kʰuk031	酷：残～
沃	vɔk031	沃：肥～
風	fuŋ213	风：大～，～气
楓	fuŋ213	枫：～树，～叶
瘋	fuŋ213	疯：～狂
諷	fuŋ51	讽：～刺
福	fuk031	福：～气，享～
幅	fuk031	幅：一～画，～度
蝠	fuk031	蝠：蝙～
輻	fuk031	辐：～射
複	fuk031	复：重～，～印，～写纸
腹	fuk031	腹：心～，收～
豐	fuŋ213	丰：～收
覆	fuk031	覆：～盖[文]
覆	pʰuk031	覆：倒扣，碗倒扣在桌面[白]
馮	pʰuŋ21	冯：姓
鳳	fuŋ451	凤：～凰
服	fuk045	服：～务
伏	fuk045	伏：三～，起～[文]
伏	pʰuk045	伏：趴，在桌子上趴着睡[白]
袱	fuk045	袱：包～
復	fuk031	复：恢～，～原，报～
夢	muŋ451	梦：发～
目	muk031	目：～的；节～
穆	muk045	穆：姓，～桂英
牧	muk045	牧：放～，畜～局
隆	luŋ21	隆：兴～，～重
六	liuk031	六：数字
陸	liuk045	陆：大～，～续
嵩	suŋ213	嵩：～山；严～（人名）
肅	siuk031	肃：严～
宿	siuk031	宿：～舍，住～
中	ʦuŋ213	中：～间，～秋[文]
中	ʦuŋ213	中：～央；头顶物，～头帕[白]
忠	ʦuŋ213	忠：～心
中	ʦuŋ51	中：射～，～状元
竹	ʦuk031	竹：～叶
築	ʦuk031	筑：建～
畜	siuk031	畜：牲～，～牲
蟲	ʦʰuŋ21	虫：害～
仲	ʦuŋ451	仲：伯～叔；杜～（中药）
逐	ʦʰuk045	逐：～渐，驱～
軸	ʦʰuk045	轴：压～，～承
崇	ʦʰuŋ21	崇：～高，推～
縮	suk031	缩：压～，～小
終	ʦuŋ213	终：～于，始～
眾	ʦuŋ451	众：群～
祝	ʦuk031	祝：～贺，庆～
粥	ʦuk031	粥：煮～
充	ʦʰuŋ213	充：～分，冒～
銃	ʦʰuŋ451	铳：打鸟的土枪，放～
叔	suk031	叔：二～，～～
熟	suk045	熟：煮～，～悉
淑	siuk031	淑：～女，贤～
戎	jiuŋ21	戎：～马生涯
絨	jiuŋ21	绒：灯芯～，～毛
肉	ȵiuk031	肉：猪～
弓	kiuŋ213	弓：～箭
躬	kiuŋ213	躬：鞠～
宮	ʧiuŋ213	宫：～殿，大闹天～
菊	kʰiuk031	菊：～花
麴	kʰiuk031	曲：酒～
窮	kʰiuŋ21	穷：～人，无～
畜	siuk031	畜：～牧局
蓄	siuk031	蓄：储～，～水
郁	jiuk031	郁：抑～；～金香；姓
熊	jiuŋ21	熊：～猫
雄	siuŋ21	雄：英～
融	jiuŋ21	融：～化；孔～（人名）
育	jiuk031	育：教～
封	fuŋ213	封：密～
峯	fuŋ213	峰：山～
蜂	fuŋ213	蜂：蜜～
鋒	fuŋ213	锋：～利；雷～（人名）
捧	puŋ51	捧：吹～
逢	fuŋ21	逢：相～，～年过节[文]
逢	fuŋ21	逢：～到（遇到）[白]
縫	fuŋ21	缝：裁～
奉	fuŋ451	奉：～献，～承
俸	fuŋ451	俸：～禄，薪～
縫	pʰuŋ451	缝：一条～，裂线～
濃	nuŋ21	浓：～厚[文]
濃	ȵiuŋ21	浓：～淡；稠密[白]
龍	liuŋ21	龙：～头
壟	luŋ451	垄：～断
綠	liuk045	绿：～色
錄	liuk045	录：记～，～取
蹤	ʦiuŋ213	踪：失～，～影
縱	ʦiuŋ51	纵：～横，放～
足	ʦiuk031	足：～球，满～
從	ʦʰiuŋ21	从：～容
促	ʦʰuk031	促：督～，～进
從	ʦʰiuŋ21	从：跟～，～来
慫	ʦiuŋ51	怂：～恿
粟	siuk031	粟：包～，～米，～子粄
松	ʦʰiuŋ21	松：～树
誦	siuŋ451	诵：背～
頌	siuŋ451	颂：歌～
訟	siuŋ451	讼：诉～
俗	siuk045	俗：风～
續	siuk045	续：继～，～集
寵	ʦʰuŋ51	宠：～爱，得～
重	ʦʰuŋ21	重：～复
重	ʦʰuŋ21	重：～量[文]
重	ʦʰuŋ451	重：轻～[白]
鐘	ʦuŋ213	钟：两点～，闹～
盅	ʦuŋ213	盅：酒～，两～酒
種	ʦuŋ51	种：～类，树～[名，量]
種	ʦuŋ451	种：～田[动]
腫	ʦuŋ51	肿：～起来，水～
燭	ʦuk031	烛：蜡～
囑	ʦuk031	嘱：遗～，～托
衝	ʦʰuŋ213	冲：～锋枪
觸	ʦʰuk031	触：接～，～犯
贖	suk045	赎：～罪
束	ʦʰuk031	束：结～
蜀	ʦuk031	蜀：四川简称，乐不思～
屬	suk045	属：～于，家～
茸	jiuŋ21	茸：鹿～
辱	liuk045	辱：污～
褥	liuk045	褥：垫被，褥子
恭	kiuŋ213	恭：～敬
供	kiuŋ213	供：提～，～应
拱	kiuŋ51	拱：～手，～桥
鞏	kiuŋ51	巩：～固
供	kiuŋ451	供：～细人（生小孩）
恐	kʰiuŋ51	恐：～怖
曲	kʰiuk031	曲：歌～，～折
共	kʰiuŋ451	共：一～，～同
局	kʰiuk045	局：～部，公安～
玉	ȵiuk045	玉：白～
獄	ȵiuk045	狱：监～
胸	ʃiuŋ213	胸：心～
凶	ʃiuŋ213	凶：吉～
兇	ʃiuŋ213	凶：～恶
雍	jiuŋ21	雍：～正皇帝
擁	jiuŋ451	拥：～护
容	jiuŋ21	容：～易，宽～
蓉	jiuŋ21	蓉：芙～
鎔	jiuŋ21	镕：朱～基（人名）
庸	jiuŋ21	庸：平～，～俗
勇	jiuŋ451	勇：～敢
湧	jiuŋ451	涌：～现，洶～
用	jiuŋ45	用：～处
用	jiuŋ45	用：有～
欲	liuk045	欲：～速则不达
慾	liuk045	欲：～望，贪～
浴	liuk045	浴：沐～露[文]
浴	liuk045	浴：～堂（浴室）[白]
屙	ɔ213	屙：排泄，～尿，～屎
播	pɔ451	播：广～，～种
畲	ʦʰia21	畲：～族
墅	su51	墅：别～
沸	pi451	沸：沸腾
竂	liau21	竂：茅～，鸡～
煞	sat031	煞：凶神恶～
健	kʰian451	健：～康
癲	tien213	癫：～鬼
櫼	siap031	櫼：塞，挤
逩	pun213	奔：投～
詢	sun21	询：咨～，～问
圳	ʦun451	圳：深～；田中小沟
踭	ʦaŋ213	踭：脚后跟，脚～
坼	ʦʰak031	坼：裂开，爆～
戟	kit031	戟：巴～（中药，鸡肠风）
嫲	ma21	嫲：雌性
脢	mɔi21	脢：背～（背部），～肉（背脊肉）
髀	pi51	髀：大～（大腿）
褸	lau213	褛：大～
竇	tei45	窦：鸟～
竇	tʰei451	窦：鼻～炎；姓
腩	nam21	腩：肚～
腍	ȵiaŋ451	腍：绵软
桁	haŋ21	桁：檩子，承重的横木
斫	tɔ51	斫：砍，～树
簕	net031	簕：刺
罌	aŋ213	罂：小口大肚的瓶子
腈	ʦiaŋ213	腈：好，腈肉（瘦肉）
擗	fit031	擗：扔弃
壢	lat045	坜：地～（旱地）
瀝	lak031	沥：坑
焗	kuk045	焗：盐～鸡
摝	luk031	摝：搅拌，～水
熝	luk045	熝：烫，～人
唔	m̩21	唔：不
啱	ŋam213	啱：合适，恰巧
嫽	liau21	嫽：玩耍
噍	ʦei45	噍：嚼
浼	man451	浼：体垢
頦	kɔi213	颏：脖子前面部分，大～
猋	pei213	猋：跳，快走
縈	jiaŋ213	萦：～线（绕线）
涿	tuk031	涿：淋雨
罅	lak031	罅：缝，手指～
珓	kau451	珓：圣～
糝	sam51	糁：饭～（饭粒）
惶	kiaŋ213	惶：害怕
跔	ku213	跔：蹲；腿蜷曲
癐	kʰiɔi451	癐：累，疲乏
窿	luŋ21	窿：穿～（破洞）
窿	luŋ21	窿：涵～（涵洞）
轆	lun21	轮子
掟	fit031	丢，扔
靚	ʦiaŋ213	漂亮
諗	men51	思考
梘	kian51	肥皂
慳	kʰiaŋ451	节俭
踎	ku213	蹲
乸	mei213	雌性
煲	pɔ213	煲
蠔	kʰau451	海蛎
